search URL:,https://patents.google.com/?q=electronic+battery&country=US&before=priority:20210331&after=priority:20210101&language=ENGLISH
id,title,assignee,inventor/author,priority date,filing/creation date,publication date,grant date,result link,representative figure link
US-2021165481-A1,Method and system of interactive storytelling with probability-based personalized views ,Intel Corporation,"Rita Brugarolas Brufau, David Israel Gonzalez Aguirre, Philip Krejov",2021-02-10,2021-02-10,2021-06-03,,https://patents.google.com/patent/US20210165481A1/en,https://patentimages.storage.googleapis.com/a8/b9/1d/df7f830a47848c/US20210165481A1-20210603-D00000.png
US-10994795-B1,Mobility-assist hybrid conversion vehicles and methods of manufacturing the same ,"Vantage Mobility International, Llc","Michael Lindfors Perez, Mark Charles Miller, Kirsten Nichole Mangum, Steven Paul Ungetheim",2021-01-25,2021-01-25,2021-05-04,2021-05-04,https://patents.google.com/patent/US10994795B1/en,https://patentimages.storage.googleapis.com/c1/e4/6d/5ea9f01ce29018/US10994795-20210504-D00000.png
US-11050499-B1,Audience response collection and analysis ,"Instreamatic, Inc.",Stanislav Tushinskiy,2021-03-12,2021-03-12,2021-06-29,2021-06-29,https://patents.google.com/patent/US11050499B1/en,https://patentimages.storage.googleapis.com/15/c7/cc/e6dfadd597f33f/US11050499-20210629-D00000.png
US-2021376380-A1,Semi-solid electrodes with gel polymer additive ,"24M Technologies, Inc.","Taison Tan, Naoki Ota, Jeffry Disko",,2021-02-11,2021-12-02,,https://patents.google.com/patent/US20210376380A1/en,https://patentimages.storage.googleapis.com/6b/7b/03/9f9064829580a0/US20210376380A1-20211202-D00000.png
US-11153955-B1,Electronic candle system ,John Ross,John Ross,2021-01-21,2021-01-21,2021-10-19,2021-10-19,https://patents.google.com/patent/US11153955B1/en,https://patentimages.storage.googleapis.com/ac/7e/a3/604f5ed70e904c/US11153955-20211019-D00000.png
US-2021208668-A1,Apparatus and method to reduce standby power for systems in battery mode with a connected bus powered device ,Intel Corporation,"Udaya Natarajan, Kannappan Rajaraman",2021-03-16,2021-03-16,2021-07-08,,https://patents.google.com/patent/US20210208668A1/en,https://patentimages.storage.googleapis.com/42/65/81/3d96dc51717d27/US20210208668A1-20210708-D00000.png
US-11190909-B2,Travel compliance detection using body-worn offender monitoring electronic devices ,Attenti Electronic Monitoring Ltd.,"Jonathan Dale GANDRUD, Arash Sangari, David Solomon SEGAL, Saber Taghvaeeyan",,2021-01-24,2021-11-30,2021-11-30,https://patents.google.com/patent/US11190909B2/en,https://patentimages.storage.googleapis.com/81/23/54/59a669541af5c0/US11190909-20211130-D00000.png
US-2021196563-A1,Releasable battery assembly of massage gun ,SiChang Sheng,SiChang Sheng,2021-03-12,2021-03-12,2021-07-01,,https://patents.google.com/patent/US20210196563A1/en,https://patentimages.storage.googleapis.com/a1/1b/11/99651c5ab1d687/US20210196563A1-20210701-D00000.png
US-10996135-B1,Test fixture and method of liquid leak testing an electronic device ,"Inventus Power, Inc.",Thomas James Beyreis,2021-01-25,2021-01-25,2021-05-04,2021-05-04,https://patents.google.com/patent/US10996135B1/en,https://patentimages.storage.googleapis.com/64/cb/43/f4faaec9b16b5b/US10996135-20210504-D00000.png
US-2021370797-A1,Battery management system for batteries in engine start and deep cycle applications ,"Deltran Operations Usa, Inc.","Edward William Brumley, JR., Peter James Shread",,2021-02-12,2021-12-02,,https://patents.google.com/patent/US20210370797A1/en,https://patentimages.storage.googleapis.com/c2/23/86/b4be8731981194/US20210370797A1-20211202-D00000.png
US-11077759-B1,Pulsed electric machine control ,"Tula eTechnology, Inc.",Vijay Srinivasan,2021-01-26,2021-03-01,2021-08-03,2021-08-03,https://patents.google.com/patent/US11077759B1/en,https://patentimages.storage.googleapis.com/ac/fc/8a/c2e67c53a384ad/US11077759-20210803-D00000.png
US-2021143724-A1,Automatic Fuel Energy Generated Car ,"Arpit Jain, Vineet Tirth, Ali Algahtani, Shakti Kundu, S.B. Chordiya, Yogesh Mohanrao Nigade, Abhijit Prakash Bhujbal, Dhanke Jyoti Atul, Beg Raj, B.K. Sarkar","Arpit Jain, Vineet Tirth, Ali Algahtani, Shakti Kundu, S.B. Chordiya, Yogesh Mohanrao Nigade, Abhijit Prakash Bhujbal, Dhanke Jyoti Atul, Beg Raj, B.K. Sarkar",2021-01-12,2021-01-12,2021-05-13,,https://patents.google.com/patent/US20210143724A1/en,https://patentimages.storage.googleapis.com/06/af/75/274d7d73b0066b/US20210143724A1-20210513-D00001.png
US-11183849-B1,Control of power converter based on dynamic constraint factors ,"Cirrus Logic, Inc.","Graeme G. Mackay, Ajit Sharma, Jason W. Lawrence, Eric J. King",,2021-01-21,2021-11-23,2021-11-23,https://patents.google.com/patent/US11183849B1/en,https://patentimages.storage.googleapis.com/1e/38/cb/2ba6a0ed7ca6c3/US11183849-20211123-D00000.png
US-11031812-B1,Electric field powered devices in electric power systems ,"Schweitzer Engineering Laboratories, Inc.","Edmund O. Schweitzer, III, Joe Baylon, Timothy M. Minteer, David Kenny, James Mobley, Johnny J. Moore, Raymond W. Rice, Naiden K. Spasov, Eric M. Sawyer",2021-01-08,2021-01-08,2021-06-08,2021-06-08,https://patents.google.com/patent/US11031812B1/en,https://patentimages.storage.googleapis.com/40/ea/a8/bf4ccb972acc87/US11031812-20210608-D00000.png
US-11065164-B1,Smart bandage for electrochemical monitoring and sensing using fabric-integrated data modulation ,The Florida International University Board Of Trustees,"Dieff Vital, Shubhendu Bhardwaj, John L. Volakis, Pulak Bhushan, Shekhar Bhansali",2021-01-25,2021-01-25,2021-07-20,2021-07-20,https://patents.google.com/patent/US11065164B1/en,https://patentimages.storage.googleapis.com/b7/1e/11/0251aa6ba57afa/US11065164-20210720-D00000.png
US-2021373718-A1,Reduced size configuration interface ,Apple Inc.,"Lawrence Y. YANG, Christopher Wilson, Wan Si Wan, Gary Ian BUTCHER, Imran Chaudhri, Alan C. Dye, Jonathan P. Ive, Stephen O. Lemay, Lee S. BROUGHTON",,2021-03-01,2021-12-02,,https://patents.google.com/patent/US20210373718A1/en,https://patentimages.storage.googleapis.com/8c/36/14/83a1251427323b/US20210373718A1-20211202-D00000.png
US-11162451-B1,Methods and systems for controlling fuel injector holding current ,"Ford Global Technologies, Llc","Rani Kiwan, Ross Pursifull, Joseph Thomas, Paul Hollar, Ian D Campbell",2021-03-22,2021-03-22,2021-11-02,2021-11-02,https://patents.google.com/patent/US11162451B1/en,https://patentimages.storage.googleapis.com/d5/66/17/b19355cca2e9ed/US11162451-20211102-D00000.png
US-11116448-B1,Multi-sensor wearable patch ,Anexa Labs Llc,"Ana Trapero Martin, Michael Daniel VERMEER, Mathew Asselin, Joel Steven Ironstone",2021-01-28,2021-01-28,2021-09-14,2021-09-14,https://patents.google.com/patent/US11116448B1/en,https://patentimages.storage.googleapis.com/1c/88/ae/29439451df53f0/US11116448-20210914-D00000.png
US-2021369114-A1,Transcutaneous analyte sensor ,"Dexcom, Inc.","Mark Brister, Paul V. Neale, Peter C. Simpson, James H. Brauker, James Patrick Thrower, Mark Shults, Rathbun K. Rhodes, Paul V. Goode, Jr., Arnold L. Holmquist",,2021-01-07,2021-12-02,,https://patents.google.com/patent/US20210369114A1/en,https://patentimages.storage.googleapis.com/0d/28/f6/c7980d736a8058/US20210369114A1-20211202-D00000.png
US-11141129-B1,Multi-sensor auscultation device ,Anexa Labs Llc,"Ana Trapero Martin, Michael Daniel VERMEER, Mathew Asselin, Joel Steven Ironstone",2021-01-28,2021-01-28,2021-10-12,2021-10-12,https://patents.google.com/patent/US11141129B1/en,https://patentimages.storage.googleapis.com/6d/58/f5/c8acd06094e79d/US11141129-20211012-D00000.png
US-11105277-B1,Method and system for variable displacement engine with AC power generation ,"Ford Global Technologies, Llc",Aed Dudar,2021-01-26,2021-01-26,2021-08-31,2021-08-31,https://patents.google.com/patent/US11105277B1/en,https://patentimages.storage.googleapis.com/67/50/7a/c8cbf2b235a25b/US11105277-20210831-D00000.png
US-11137291-B1,"Hair colorant assessment, selection and formulation system ",Innovative Beauty LLC,Jesse A. Kloberdanz,2021-03-08,2021-03-08,2021-10-05,2021-10-05,https://patents.google.com/patent/US11137291B1/en,https://patentimages.storage.googleapis.com/1e/be/7f/a05cc36b59a343/US11137291-20211005-D00000.png
US-2021369103-A1,"System, Method, and Apparatus for Controlling Environment Surrounding Eye ","Aurora Tears Technology, Inc.",Ping Cerina ZHANG,,2021-03-03,2021-12-02,,https://patents.google.com/patent/US20210369103A1/en,https://patentimages.storage.googleapis.com/70/91/5a/61a4b8490ac0df/US20210369103A1-20211202-D00000.png
US-11132853-B1,Vehicle gateway device and interactive cohort graphical user interfaces associated therewith ,Samsara Inc.,"Muhammad Ali Akhtar, Jennifer Julia Zhang, Alvin Wu, Benjamin Chang, Joanne Wang, Katherine Yeonjune Lee",2021-01-28,2021-03-03,2021-09-28,2021-09-28,https://patents.google.com/patent/US11132853B1/en,https://patentimages.storage.googleapis.com/7b/7a/b5/02fe0e9054bec2/US11132853-20210928-D00000.png
US-11076642-B1,Vaporizer for smoking cigarettes with individual heater ,Sobota HnB Technologies LLC,"Joseph F Fuisz, Richard C Fuisz, Volodymyr Smolkin",2021-01-13,2021-01-13,2021-08-03,2021-08-03,https://patents.google.com/patent/US11076642B1/en,https://patentimages.storage.googleapis.com/72/38/9c/5101964137aeef/US11076642-20210803-D00000.png
US-2021369128-A1,Photoplethysmography-based pulse wave analysis using a wearable device ,"Fitbit, Inc.","Alexandros A. Pantelopoulos, Andrew Larsen Axley",,2021-03-09,2021-12-02,,https://patents.google.com/patent/US20210369128A1/en,https://patentimages.storage.googleapis.com/d0/e9/57/a6ef6584b08024/US20210369128A1-20211202-D00000.png
US-11106309-B1,Electrode touch display ,Anexa Labs Llc,Ana Trapero Martin,2021-01-07,2021-01-07,2021-08-31,2021-08-31,https://patents.google.com/patent/US11106309B1/en,https://patentimages.storage.googleapis.com/c4/25/db/b8eb476abdcb2f/US11106309-20210831-D00000.png
US-2021229281-A1,Collaborative multi-robot tasks using action primitives ,"Venkat Natarajan, Arjun Kg, Gagan Acharya, Amit Sudhir Baxi, Rita H. Wouhaybi, Wen-Ling Margaret Huang","Venkat Natarajan, Arjun Kg, Gagan Acharya, Amit Sudhir Baxi, Rita H. Wouhaybi, Wen-Ling Margaret Huang",2021-03-26,2021-03-26,2021-07-29,,https://patents.google.com/patent/US20210229281A1/en,https://patentimages.storage.googleapis.com/9b/49/d0/41432c402cd4c6/US20210229281A1-20210729-D00000.png
US-11045271-B1,Robotic medical system ,Bao Q Tran,Bao Q Tran,2021-02-09,2021-02-09,2021-06-29,2021-06-29,https://patents.google.com/patent/US11045271B1/en,https://patentimages.storage.googleapis.com/92/f6/82/464b1b4bec00e2/US11045271-20210629-D00000.png
US-11134739-B1,Multi-functional wearable dome assembly and method of using the same ,"Yifei Jenny Jin, Naixin Angela Tang, Liangxi Nick Chen, Songhe Bill Shen, Lisa Ruosha Wang, Richard Prince Wang, Jian Jim Wang, Qing Ye","Yifei Jenny Jin, Naixin Angela Tang, Liangxi Nick Chen, Songhe Bill Shen, Lisa Ruosha Wang, Richard Prince Wang, Jian Jim Wang, Qing Ye",2021-01-19,2021-03-26,2021-10-05,2021-10-05,https://patents.google.com/patent/US11134739B1/en,https://patentimages.storage.googleapis.com/5b/a5/15/3ca644053d74df/US11134739-20211005-D00000.png
US-2021372737-A1,Weapon system with multi-function single-view scope ,"Maztech Industries, LLC","David Michael Masarik, Michael Raymond Masarik, Matthew James Masarik, David Alexander Steinweg, Gregory Philip Petersen",,2021-02-18,2021-12-02,,https://patents.google.com/patent/US20210372737A1/en,https://patentimages.storage.googleapis.com/28/7a/e2/bc90e000c63fcb/US20210372737A1-20211202-D00000.png
US-2021189872-A1,Optimization of automated telemetry for a downhole device ,"Erdos Miller, Inc., Black Diamond Oilfield Rentals LLC","Kenneth Miller, David Erdos, Abraham Erdos",2021-02-04,2021-02-04,2021-06-24,,https://patents.google.com/patent/US20210189872A1/en,https://patentimages.storage.googleapis.com/d3/aa/f4/7a63c3e726ce5b/US20210189872A1-20210624-D00000.png
US-2021374896-A1,Power-based and target-based graphics quality adjustment ,Intel Corporation,"Abhishek R. Appu, Stanley J. Baran, Sang-Hee Lee, Atthar H. Mohammed, Jong Dae Oh, Hiu-Fai R. Chan, Jill M. Boyce, Fangwen Fu, Satya N. Yedidi, Sumit Mohan, James M. Holland, Keith W. ROWE, Altug Koker",,2021-01-27,2021-12-02,,https://patents.google.com/patent/US20210374896A1/en,https://patentimages.storage.googleapis.com/22/12/06/9decba9ac4eeb3/US20210374896A1-20211202-D00000.png
US-2021374798-A1,Location based consumer interface for retail environment ,"Wherepro, Llc",Mark R. Daigle,,2021-01-05,2021-12-02,,https://patents.google.com/patent/US20210374798A1/en,https://patentimages.storage.googleapis.com/43/8b/84/19d01468131ec9/US20210374798A1-20211202-D00000.png
US-11190864-B1,Speaker unit for head-mountable device ,Apple Inc.,"James W. VanDyke, Darshan R. Kasar, Neal D. Evans",,2021-02-11,2021-11-30,2021-11-30,https://patents.google.com/patent/US11190864B1/en,https://patentimages.storage.googleapis.com/68/83/c3/737a2a245da6b8/US11190864-20211130-D00000.png
US-11082871-B1,Bluetooth low-energy sensor data collection device ,"Iteris, Inc.","Peter Chan, Hong Chou",2021-02-22,2021-02-22,2021-08-03,2021-08-03,https://patents.google.com/patent/US11082871B1/en,https://patentimages.storage.googleapis.com/98/5e/5b/d1b139dae6a7ca/US11082871-20210803-D00000.png
US-11147403-B1,Portable food handling devices ,Leonid Shendelman,Leonid Shendelman,2021-01-11,2021-01-11,2021-10-19,2021-10-19,https://patents.google.com/patent/US11147403B1/en,https://patentimages.storage.googleapis.com/f7/91/96/71e26e0a85cf6b/US11147403-20211019-D00000.png
US-2021179159-A1,LSM Luggage Trolleys: Intelligent Shopping Mall Luggage Trolleys ,"Surbhi Bhatia, Rajendra Kumar Bharti, Mohammad Tabrez Quasim, Mohammad Ayoub Khan, Meghna Chhabra, Swati Chandna, Shadab Alam, Vipin Jain, Pawan Kumar Bharti, Beg Raj","Surbhi Bhatia, Rajendra Kumar Bharti, Mohammad Tabrez Quasim, Mohammad Ayoub Khan, Meghna Chhabra, Swati Chandna, Shadab Alam, Vipin Jain, Pawan Kumar Bharti, Beg Raj",2021-02-02,2021-02-02,2021-06-17,,https://patents.google.com/patent/US20210179159A1/en,https://patentimages.storage.googleapis.com/43/2f/02/6b75a25f8bc7e8/US20210179159A1-20210617-D00000.png
US-2021212205-A1,Technologies for power tunnels on circuit boards ,Intel Corporation,"Khai Ern See, Jia Lin Liew, Tin Poay Chuah, Chee How Lim, Yi How Ooi",2021-03-25,2021-03-25,2021-07-08,,https://patents.google.com/patent/US20210212205A1/en,https://patentimages.storage.googleapis.com/71/89/b9/2699c91f356e84/US20210212205A1-20210708-D00000.png
US-11098989-B2,Wearable vest with vessel and optical sensor ,Nesstoy/Bulk Unlimited Corporation,Isamar Margareten,2021-03-26,2021-03-26,2021-08-24,2021-08-24,https://patents.google.com/patent/US11098989B2/en,https://patentimages.storage.googleapis.com/9a/e1/e1/945f38c92fcf5a/US11098989-20210824-D00000.png
US-2021186291-A1,Surface cleaning apparatus ,Bissell Inc.,"Tom Minh Nguyen, Nim Chung Ku, Roger Hoskens, Mike Luyckx",2021-03-04,2021-03-04,2021-06-24,,https://patents.google.com/patent/US20210186291A1/en,https://patentimages.storage.googleapis.com/58/dd/fd/47d94cb68ff57a/US20210186291A1-20210624-D00000.png
US-11184971-B1,Synchronized illuminated fashion accessories ,Kim Rubin,Kim Rubin,,2021-02-02,2021-11-23,2021-11-23,https://patents.google.com/patent/US11184971B1/en,https://patentimages.storage.googleapis.com/3b/3d/ba/31b71645151400/US11184971-20211123-D00000.png
US-11122946-B2,Brushroll for surface cleaning apparatus ,Bissell Inc.,Tom Minh Nguyen,2021-03-04,2021-03-04,2021-09-21,2021-09-21,https://patents.google.com/patent/US11122946B2/en,https://patentimages.storage.googleapis.com/e0/67/13/0c103217ae3f0a/US11122946-20210921-D00000.png
US-2021218845-A1,Technologies for video conferencing ,"Aleksander Magi, Soethiha Soe, Marko Bartscherer, Prakash Kurma Raju, Arvind Sundaram, Ayeshwarya B. Mahajan, Akarsha Rajeshwar Kadadevaramath, Gokul V. Subramaniam, Raghavendra Doddi, Prasanna Pichumani","Aleksander Magi, Soethiha Soe, Marko Bartscherer, Prakash Kurma Raju, Arvind Sundaram, Ayeshwarya B. Mahajan, Akarsha Rajeshwar Kadadevaramath, Gokul V. Subramaniam, Raghavendra Doddi, Prasanna Pichumani",2021-03-26,2021-03-26,2021-07-15,,https://patents.google.com/patent/US20210218845A1/en,https://patentimages.storage.googleapis.com/1a/13/ea/e6dadd9001bc23/US20210218845A1-20210715-D00000.png
US-2021141692-A1,Distribution of error checking and correction (ecc) bits to allocate ecc bits for metadata ,Intel Corporation,"Rajat Agarwal, Wei P. CHEN, Bill Nale, James A. McCall",2021-01-22,2021-01-22,2021-05-13,,https://patents.google.com/patent/US20210141692A1/en,https://patentimages.storage.googleapis.com/4e/b0/67/62b32c55a332a1/US20210141692A1-20210513-D00000.png
US-11085196-B1,Four-device-in-one bleacher-skybox food-dehydrator mobile-marine-sauna wind-and-smoke-redirecting bungalow ,Dee Volin,Dee Volin,2021-03-15,2021-03-15,2021-08-10,2021-08-10,https://patents.google.com/patent/US11085196B1/en,https://patentimages.storage.googleapis.com/6b/c7/1a/61e55db2ae74ca/US11085196-20210810-D00000.png
US-2021373316-A1,Endoscope designs and methods of manufacture ,"Integrated Endoscopy, Inc.","Siddharth Balvantrai Desai, Kais Almarzouk, Giuseppe Sacca",,2021-03-11,2021-12-02,,https://patents.google.com/patent/US20210373316A1/en,https://patentimages.storage.googleapis.com/8e/e1/5e/7f771ccf6f239f/US20210373316A1-20211202-D00000.png
US-11100785-B1,Method for requesting assistance from emergency services ,Alex Cougar,Alex Cougar,2021-01-15,2021-01-15,2021-08-24,2021-08-24,https://patents.google.com/patent/US11100785B1/en,https://patentimages.storage.googleapis.com/12/82/4b/652ec5b53964c3/US11100785-20210824-D00000.png
US-2021167014-A1,Apparatus and method to increase effective capacitance with layout staples ,Intel Corporation,"Kushal Sreedhar, Christopher Mozak, Mahmoud Elassal",2021-02-16,2021-02-16,2021-06-03,,https://patents.google.com/patent/US20210167014A1/en,https://patentimages.storage.googleapis.com/14/16/b7/7b303e2835e731/US20210167014A1-20210603-D00000.png
US-2021144844-A1,Metallic regions to shield a magnetic field source ,Intel Corporation,"Jaejin Lee, Min Suet Lim, Luis Paniagua Acuna, Tin Poay Chuah",2021-01-21,2021-01-21,2021-05-13,,https://patents.google.com/patent/US20210144844A1/en,https://patentimages.storage.googleapis.com/87/55/ec/ab1c679450fc2c/US20210144844A1-20210513-D00000.png
US-2021208659-A1,Apparatus and method to detect power supply security attack and risk mitigation ,Intel Corporation,"Alexander Gendler, Adwait Purandare, Ankush Varma, Nazar Haider, Daniela Kaufman, Gilad Bomstein, Shlomo Attias, Amit Gabai, Ariel Szapiro",2021-03-19,2021-03-19,2021-07-08,,https://patents.google.com/patent/US20210208659A1/en,https://patentimages.storage.googleapis.com/45/c5/d1/b660952b4f27d2/US20210208659A1-20210708-D00000.png
US-11051723-B1,Single remote controlled encrypted wireless visual reinforcement audiometry (VRA) system that connects an audiometer to multiple physical (3D) and video VRA units and prevents frequency overlap between multiple adjacent and nearby VRA systems ,Joseph Evans Dansie,Joseph Evans Dansie,2021-02-05,2021-02-05,2021-07-06,2021-07-06,https://patents.google.com/patent/US11051723B1/en,https://patentimages.storage.googleapis.com/bd/3b/97/2796ed5141d281/US11051723-20210706-D00000.png
US-11063554-B1,Systems and methods for solar forecasting ,"8Me Nova, Llc","Lukas Mercer Hansen, Gautham Ramesh",2021-03-23,2021-03-23,2021-07-13,2021-07-13,https://patents.google.com/patent/US11063554B1/en,https://patentimages.storage.googleapis.com/f3/56/f3/c6ea1a2460fe94/US11063554-20210713-D00000.png
US-11113956-B1,Vehicle-roadway interface for power and data exchange with roadway sensors system ,Liam Gunter,Liam Gunter,2021-02-10,2021-02-10,2021-09-07,2021-09-07,https://patents.google.com/patent/US11113956B1/en,https://patentimages.storage.googleapis.com/3c/e8/02/79b818393683c4/US11113956-20210907-D00000.png
US-2021375438-A1,Merging messages into cache and generating user interface using the cache ,"Icu Medical, Inc.","Ben Xavier, Dennis Krabbe, Larry Enger, Chaitanya Deosthale, Anthony Isensee",,2021-02-22,2021-12-02,,https://patents.google.com/patent/US20210375438A1/en,https://patentimages.storage.googleapis.com/b6/18/24/1fbc651cc9df78/US20210375438A1-20211202-D00000.png
US-2021223979-A1,On-ssd-copy techniques using copy-on-write ,Intel Corporation,"Peng Li, Sanjeev N. Trika, David C. Estrada",2021-03-16,2021-03-16,2021-07-22,,https://patents.google.com/patent/US20210223979A1/en,https://patentimages.storage.googleapis.com/b9/17/d3/427f477930de39/US20210223979A1-20210722-D00000.png
US-2021129703-A1,Method and apparatus to manage electric vehicle charging stations and parking spaces ,Akshaya Annampedu,Akshaya Annampedu,2021-01-11,2021-01-11,2021-05-06,,https://patents.google.com/patent/US20210129703A1/en,https://patentimages.storage.googleapis.com/8b/72/da/42fe2e9f4760c8/US20210129703A1-20210506-D00000.png
US-11161754-B1,System and method for water purification ,Leon John Davidson,Leon John Davidson,2021-01-22,2021-03-31,2021-11-02,2021-11-02,https://patents.google.com/patent/US11161754B1/en,https://patentimages.storage.googleapis.com/ec/94/96/6f2c9b4b44b781/US11161754-20211102-D00000.png
US-2021370884-A1,Electromagnetic windshield wiper system ,"Tesla, Inc.","Nicolas Clift, Maithreya Kedambadi Prasanna, Gonzalo Espinoza Graham",,2021-01-11,2021-12-02,,https://patents.google.com/patent/US20210370884A1/en,https://patentimages.storage.googleapis.com/f3/f2/c9/81d4bfca0385cf/US20210370884A1-20211202-D00000.png
US-11183044-B1,Wearable band providing location presence and fall detection ,Hannah Clair Klein,Hannah Clair Klein,,2021-01-10,2021-11-23,2021-11-23,https://patents.google.com/patent/US11183044B1/en,https://patentimages.storage.googleapis.com/66/57/a6/0e7c7ac0c5cba6/US11183044-20211123-D00000.png
US-11166740-B1,Illuminated tweezers ,Ear Technology Corporation,"Daniel R. Schumaier, Karlee D. Harrison, George B. Waites, Jr., Samuel C. Scudder",2021-03-26,2021-03-26,2021-11-09,2021-11-09,https://patents.google.com/patent/US11166740B1/en,https://patentimages.storage.googleapis.com/12/c9/7c/ba324b1c9a93f8/US11166740-20211109-D00000.png
US-11187575-B2,High density optical measurement systems with minimal number of light sources ,Hi Llc,"Ryan Field, Husam Katnani, Katherine Perdue",,2021-03-16,2021-11-30,2021-11-30,https://patents.google.com/patent/US11187575B2/en,https://patentimages.storage.googleapis.com/12/98/2f/58b95525f40f7f/US11187575-20211130-D00000.png
US-11182773-B1,Payment using a smart card and identification from the cloud ,Bank Of America Corporation,Saurabh Gupta,,2021-03-25,2021-11-23,2021-11-23,https://patents.google.com/patent/US11182773B1/en,https://patentimages.storage.googleapis.com/3c/16/b9/26edfa834e4912/US11182773-20211123-D00000.png
US-2021233210-A1,Method and system of real-time super-resolution image processing ,Intel Corporation,"Noam Elron, Alexander Itskovich, Shahar S Yuval, Noam Levy",2021-03-26,2021-03-26,2021-07-29,,https://patents.google.com/patent/US20210233210A1/en,https://patentimages.storage.googleapis.com/0a/77/ae/3c7bff36205934/US20210233210A1-20210729-D00000.png
US-11083073-B1,Wireless communication control in lighting systems ,"TrueLight, Inc.","David Asprey, Timothy K. Brodesser",2021-01-19,2021-01-19,2021-08-03,2021-08-03,https://patents.google.com/patent/US11083073B1/en,https://patentimages.storage.googleapis.com/36/34/26/1332f69ebf3aab/US11083073-20210803-D00000.png
US-11001136-B1,Alternator system for electric vehicles having at least one wheel axle ,Lissett Diaz Perez,Lissett Diaz Perez,2021-02-03,2021-02-03,2021-05-11,2021-05-11,https://patents.google.com/patent/US11001136B1/en,https://patentimages.storage.googleapis.com/89/0f/44/5c647371714730/US11001136-20210511-D00000.png
US-11088401-B1,Tubular battery pack and integral tubular battery with thermal management and safety relief system ,Ahmed Tarfaoui,Ahmed Tarfaoui,2021-02-15,2021-02-15,2021-08-10,2021-08-10,https://patents.google.com/patent/US11088401B1/en,https://patentimages.storage.googleapis.com/2d/94/34/9c2fadf96737a9/US11088401-20210810-D00000.png
US-2021234387-A1,Method and system for optimizing charging and discharging behaviors of a battery energy storage system based on state of health ,Hefei University Of Technology,"Kaile ZHOU, Zenghui ZHANG, Shanlin YANG, Jianling JIAO, Xinhui LU",2021-02-10,2021-04-14,2021-07-29,,https://patents.google.com/patent/US20210234387A1/en,https://patentimages.storage.googleapis.com/4a/96/8d/1aed87fd66a470/US20210234387A1-20210729-D00000.png
US-11056912-B1,Power system optimization using hierarchical clusters ,"PXiSE Energy Solutions, LLC","Charles H. Wells, Raymond A. de Callafon, Sai Akhil Reddy Konakalla, Patrick T. Lee",2021-01-25,2021-01-25,2021-07-06,2021-07-06,https://patents.google.com/patent/US11056912B1/en,https://patentimages.storage.googleapis.com/0b/f9/84/0788fb674c8552/US11056912-20210706-D00000.png
US-11133775-B1,Systems for damping a solar photovoltaic array tracker ,"FTC Solar, Inc.","Joseph D. LoBue, Nagendra Srinivas Cherukupalli, Tamilarasan Mouniandy, Milo Zabala",2021-01-14,2021-04-09,2021-09-28,2021-09-28,https://patents.google.com/patent/US11133775B1/en,https://patentimages.storage.googleapis.com/af/4b/95/204177332306ee/US11133775-20210928-D00000.png
US-11187803-B1,Laser distance measurement device ,Michael H. Panosian,Michael H. Panosian,,2021-01-23,2021-11-30,2021-11-30,https://patents.google.com/patent/US11187803B1/en,https://patentimages.storage.googleapis.com/53/f9/92/0eae87450127ee/US11187803-20211130-D00000.png
US-11172163-B1,Video call queues ,"Zoom Video Communications, Inc.","Vi Dinh Chau, Jin Li, Xu Hua Li",2021-01-29,2021-01-29,2021-11-09,2021-11-09,https://patents.google.com/patent/US11172163B1/en,https://patentimages.storage.googleapis.com/bd/2c/d0/f13ca70f8ae506/US11172163-20211109-D00000.png
US-11151845-B1,Computer-based system for provisioning new accounts using location-based authentication ,"Wells Fargo Bank, N.A.","Shari Van Cleave, Darren Michael Goetz, Dennis Emmanuel Montenegro",2021-02-09,2021-02-09,2021-10-19,2021-10-19,https://patents.google.com/patent/US11151845B1/en,https://patentimages.storage.googleapis.com/81/a8/ff/ed543f9d5b0a08/US11151845-20211019-D00000.png
US-11188886-B2,"IOTpay: continuous, variable-rate, high-res, device-to-device payment system ",,Gideon Samid,,2021-03-21,2021-11-30,2021-11-30,https://patents.google.com/patent/US11188886B2/en,https://patentimages.storage.googleapis.com/f3/65/52/27ea9bb672c893/US11188886-20211130-D00000.png
US-11157458-B1,Replicating files in distributed file systems using object-based data storage ,"Qumulo, Inc.","Nicholas John Carter, Sasha Spielberg Friedrich, Christopher Charles Harward, Kevin David Jamieson, Aleksei Martynov, Sihang Su",2021-01-28,2021-01-28,2021-10-26,2021-10-26,https://patents.google.com/patent/US11157458B1/en,https://patentimages.storage.googleapis.com/88/fb/35/6db69b9ef43e7f/US11157458-20211026-D00000.png
US-11132126-B1,Backup services for distributed file systems in cloud computing environments ,"Qumulo, Inc.","Michael Anthony Chmiel, Duncan Robert Fairbanks, Stephen Craig Fleischman, Nicholas Graeme Williams",2021-03-16,2021-03-16,2021-09-28,2021-09-28,https://patents.google.com/patent/US11132126B1/en,https://patentimages.storage.googleapis.com/2a/43/54/281ac505478caf/US11132126-20210928-D00000.png
US-2021296521-A1,Solar electricity generation system and method ,Sri Satya Acqusitions LLC,"Thomas Nicodemus Pradhan, Satyanarayana Venkata Nootigattu, Srinivas Paspulla",2021-02-26,2021-02-26,2021-09-23,,https://patents.google.com/patent/US20210296521A1/en,https://patentimages.storage.googleapis.com/80/2a/e8/d25a9a2e664eee/US20210296521A1-20210923-D00000.png
US-11165789-B1,Application interaction movement between clients ,"Zoom Video Communications, Inc.",Jeffrey William Smith,2021-01-28,2021-01-28,2021-11-02,2021-11-02,https://patents.google.com/patent/US11165789B1/en,https://patentimages.storage.googleapis.com/eb/7a/0f/dc776134b15774/US11165789-20211102-D00000.png
US-2021216239-A1,Host controlled garbage collection in a solid state drive ,Intel Corporation,"Bishwajit Dutta, Anand S. Ramalingam, Sanjeev N. Trika, Pallav H. Gala",2021-03-27,2021-03-27,2021-07-15,,https://patents.google.com/patent/US20210216239A1/en,https://patentimages.storage.googleapis.com/7b/ef/26/3202820ed9c9c4/US20210216239A1-20210715-D00000.png
US-11052940-B1,Steer-by-wire systems and methods of operating thereof in vehicles ,Canoo Technologies Inc.,"Ganesh Narasimhan, Paolo E. Pucci",2021-03-12,2021-03-12,2021-07-06,2021-07-06,https://patents.google.com/patent/US11052940B1/en,https://patentimages.storage.googleapis.com/94/d4/66/a8880bc03670f4/US11052940-20210706-D00000.png
US-2021225827-A1,Logic die in a multi-chip package having a configurable physical interface to on-package memory ,Intel Corporation,"Narasimha Lanka, Lohit Yerva, Mohammad Rashid, Kuljit S. Bains",2021-03-26,2021-03-26,2021-07-22,,https://patents.google.com/patent/US20210225827A1/en,https://patentimages.storage.googleapis.com/5d/f5/7a/5e537764ee7cae/US20210225827A1-20210722-D00000.png
US-2021149471-A1,"Method for waking up notebook computer, computer accessory, and computer system ","Luxshare-Ict Co., Ltd.","Sean P. O'Neal, Erh-Tai Tsai, Quan-Fei Ning, Chih-Hsiung Chang, Ya-Ling Huang",2021-01-27,2021-01-27,2021-05-20,,https://patents.google.com/patent/US20210149471A1/en,https://patentimages.storage.googleapis.com/e3/95/c9/3ae40d5d36408c/US20210149471A1-20210520-D00000.png
US-11038399-B1,Electric motor-generator and method of operating the same ,Christian H. F. Burke,Christian H. F. Burke,2021-02-10,2021-02-10,2021-06-15,2021-06-15,https://patents.google.com/patent/US11038399B1/en,https://patentimages.storage.googleapis.com/6d/33/c1/9917836e3bfbca/US11038399-20210615-D00000.png
US-2021218102-A1,Technologies for battery retention ,"Prasanna Pichumani, Jagadish Vasudeva Singh, Prakash Kurma Raju, Vinay Kumar Chandrasekhara, Arvind Sundaram, Naoki Matsumura","Prasanna Pichumani, Jagadish Vasudeva Singh, Prakash Kurma Raju, Vinay Kumar Chandrasekhara, Arvind Sundaram, Naoki Matsumura",2021-03-26,2021-03-26,2021-07-15,,https://patents.google.com/patent/US20210218102A1/en,https://patentimages.storage.googleapis.com/d5/9c/86/c3588f6f3b7b0f/US20210218102A1-20210715-D00000.png
US-2021218756-A1,Controlled Message Error for Message and Electronic Control Unit Mapping ,Intel Corporation,"Christopher Gutierrez, Shabbir Ahmed, Marcio Juliato, Vuk Lesi, Manoj Sastry, Qian Wang",2021-03-26,2021-03-26,2021-07-15,,https://patents.google.com/patent/US20210218756A1/en,https://patentimages.storage.googleapis.com/29/be/ac/bc459b97c4ef50/US20210218756A1-20210715-D00000.png
US-2021374979-A1,"Method and apparatus for aligning image frames, electronic device and storage medium ","Beijing Xiaomi Mobile Software Co., Ltd. Nanjing Branch, Beijing Xiaomi Mobile Software Co., Ltd.",Pengshuai CHAI,,2021-03-11,2021-12-02,,https://patents.google.com/patent/US20210374979A1/en,https://patentimages.storage.googleapis.com/9a/36/ae/284bf832215808/US20210374979A1-20211202-D00000.png
US-2021319130-A1,Efficiently scalable systems ,"Facebook, Inc.","Yi Huang, Wenlong Dong, Marc Alexander Celani, Xianliang Zha, Yunqing Chen, Harikrishna Madadi Reddy, Junqiang Lan, Chien Cheng Liu, Raghuvardhan Moola, Haluk Ucar, Sujith Srinivasan, Handong Li, Xing Cindy Chen, Tuo Wang, Zhao Wang, Baheerathan Anandharengan, Gaurang Chaudhari, Prahlad Rao Venkatapuram, Srikanth Alaparthi, James Alexander Morle, Vincent Matthew Malfa, Yassir Azziz, Chien-Chung Chen, Yan Cui, Pedro Eugenio Rocha Pedreira, Stavros Harizopoulos",2021-01-29,2021-06-22,2021-10-14,,https://patents.google.com/patent/US20210319130A1/en,https://patentimages.storage.googleapis.com/b4/24/5a/8a244a85993ca2/US20210319130A1-20211014-D00000.png
US-2021157512-A1,Flexible configuration of storage device with translation language set ,Intel Corporation,"Joseph Tarango, Jim Baca, Kristin Jacque, Andres Hernandez",2021-02-02,2021-02-02,2021-05-27,,https://patents.google.com/patent/US20210157512A1/en,https://patentimages.storage.googleapis.com/3c/4e/eb/7b3d81baf8ac2a/US20210157512A1-20210527-D00000.png
US-2021375533-A1,Transformer with improved insulation structure ,Ravisekhar Nadimpalli Raju,Ravisekhar Nadimpalli Raju,,2021-01-25,2021-12-02,,https://patents.google.com/patent/US20210375533A1/en,https://patentimages.storage.googleapis.com/e0/d7/34/d0969fcd7729c3/US20210375533A1-20211202-D00000.png
US-2021237934-A1,Apparatus for smart utilization and storage of resources ,"Ramesh Kumburn, Moiz Neemuchwala, Sameeksha Kumburn, Ravindra K. Shetty",Ramesh Kumburn,2021-02-22,2021-02-22,2021-08-05,,https://patents.google.com/patent/US20210237934A1/en,https://patentimages.storage.googleapis.com/6b/27/9b/8dcb8af255860b/US20210237934A1-20210805-D00000.png
US-11175261-B1,Pipeline static charge detection and dissipation systems and methods ,"Trinity Bay Equipment Holdings, LLC",Kirk Spencer Francis,2021-02-17,2021-02-17,2021-11-16,2021-11-16,https://patents.google.com/patent/US11175261B1/en,https://patentimages.storage.googleapis.com/2a/f3/b7/028a339392fc6e/US11175261-20211116-D00000.png
US-2021256103-A1,Handheld multi-sensor biometric imaging device and processing pipeline ,"Ut Battelle, Llc","David S. Bolme, Hector J. Santos Villalobos, Aravind K. Mikkilineni",2021-01-29,2021-01-29,2021-08-19,,https://patents.google.com/patent/US20210256103A1/en,https://patentimages.storage.googleapis.com/61/7e/9d/847fe0230eea8f/US20210256103A1-20210819-D00000.png
US-2021362594-A1,Car driver alcohol level and sleeping status detection and notification system ,"R. Madana Mohana, Yuktesh Chintamadaka, Chandika Mohan Babu, K.S. Niraja, K. Thirupal Reddy, M. Churchill Dass Prince, N T Kishore Kumar, Vianala Sunitha, Veerendra Chitrala, P. Kiranmai, Mritunjay Kumar Vishwakarma, Angajala Kishore Kumar, Raman Dugyala","R. Madana Mohana, Yuktesh Chintamadaka, Chandika Mohan Babu, K.S. Niraja, K. Thirupal Reddy, M. Churchill Dass Prince, N T Kishore Kumar, Vianala Sunitha, Veerendra Chitrala, P. Kiranmai, Mritunjay Kumar Vishwakarma, Angajala Kishore Kumar, Raman Dugyala",2021-03-09,2021-03-09,2021-11-25,,https://patents.google.com/patent/US20210362594A1/en,https://patentimages.storage.googleapis.com/93/b6/70/d622afaf5517f1/US20210362594A1-20211125-D00000.png
US-2021371081-A1,Air-Launched Unmanned Aerial Vehicle ,Sierra Nevada Corporation,"Ken FINKLEA, Carlos Miralles, Guan Hua Su",,2021-03-11,2021-12-02,,https://patents.google.com/patent/US20210371081A1/en,https://patentimages.storage.googleapis.com/82/d8/18/71990978756e54/US20210371081A1-20211202-D00000.png
US-11073130-B1,Ultracapacitor pitch energy module ,"Richardson Electronics, Ltd.","Jeremy Winston Wilks, John Raymond Curran, Brian Christopher Gumino",2021-02-19,2021-02-19,2021-07-27,2021-07-27,https://patents.google.com/patent/US11073130B1/en,https://patentimages.storage.googleapis.com/e2/15/89/26d3f54de668ff/US11073130-20210727-D00000.png
US-2021369273-A1,Motorized surgical cutting and fastening instrument ,Ethicon Llc,"David C. Yates, Frederick E. Shelton, IV",,2021-03-23,2021-12-02,,https://patents.google.com/patent/US20210369273A1/en,https://patentimages.storage.googleapis.com/1f/16/ab/c6a316f7d8f479/US20210369273A1-20211202-D00000.png
US-11141589-B1,Electro-stimulation systems and methods for rehabilitation and treatment of sexual disorders ,Comphya SA,"Rodrigo Araujo FRAGA DA SILVA, Nikolaos Stergiopulos, Mikael Nils Sturny",2021-02-11,2021-02-11,2021-10-12,2021-10-12,https://patents.google.com/patent/US11141589B1/en,https://patentimages.storage.googleapis.com/e4/40/68/ab608d80133614/US11141589-20211012-D00000.png
US-11141590-B1,Electro-stimulation systems and methods for rehabilitation and treatment of sexual disorders ,Comphya SA,"Rodrigo Araujo FRAGA DA SILVA, Nikolaos Stergiopulos, Mikael Nils Sturny",2021-02-11,2021-02-11,2021-10-12,2021-10-12,https://patents.google.com/patent/US11141590B1/en,https://patentimages.storage.googleapis.com/56/6d/65/18bd04df4e382d/US11141590-20211012-D00000.png
US-10995918-B1,Outdoor solar lamp assembly structure ,Metromax America Corporation,Christina Hwang,2021-01-03,2021-01-03,2021-05-04,2021-05-04,https://patents.google.com/patent/US10995918B1/en,https://patentimages.storage.googleapis.com/ed/0b/b5/3e7900526c82eb/US10995918-20210504-D00000.png
US-11162649-B1,Portable light having a movable head and/or a movable handle ,"Streamlight, Inc.","Raymond L. Sharrah, Joshua Hawk",2021-02-05,2021-02-05,2021-11-02,2021-11-02,https://patents.google.com/patent/US11162649B1/en,https://patentimages.storage.googleapis.com/37/1a/10/21bdad2437bfa6/US11162649-20211102-D00000.png
US-11164677-B1,"System, method and container delivery system for manipulating the functioning of a target ","SpinQ Biophysics, Inc.","Marc Harris, Deni Hogan",2021-01-18,2021-01-18,2021-11-02,2021-11-02,https://patents.google.com/patent/US11164677B1/en,https://patentimages.storage.googleapis.com/95/9b/9b/602e3ccab798af/US11164677-20211102-D00001.png
US-2021376920-A1,Portable troposcatter communication terminal ,Comtech Systems Inc.,Danny Ammar,,2021-02-04,2021-12-02,,https://patents.google.com/patent/US20210376920A1/en,https://patentimages.storage.googleapis.com/6a/63/19/26db0df32b5141/US20210376920A1-20211202-D00000.png
US-2021369179-A1,Precise localization of cardiac arrhythmia using internal electrocardiograph (ecg) signals sensed and stored by implantable device ,"Chelak Iecg, Inc.","Jie Cheng, Dhanunjaya Lakkireddy",,2021-03-12,2021-12-02,,https://patents.google.com/patent/US20210369179A1/en,https://patentimages.storage.googleapis.com/7b/80/12/ad8f779b128bf5/US20210369179A1-20211202-D00000.png
US-11185137-B2,Earrings and methods of manufacture and use thereof ,"Venus by Maria Tash, Inc.",Maria Tashjian,,2021-03-03,2021-11-30,2021-11-30,https://patents.google.com/patent/US11185137B2/en,https://patentimages.storage.googleapis.com/b2/f2/b8/b966c0ba6d541f/US11185137-20211130-D00000.png
US-11190042-B2,"Wireless charging transmitting apparatus, transmitting method, and wireless charging system ","Huawei Technologies Co., Ltd.","Yunhe MAO, Yanding Liu",,2021-01-25,2021-11-30,2021-11-30,https://patents.google.com/patent/US11190042B2/en,https://patentimages.storage.googleapis.com/10/d1/f8/0f75d0522876d2/US11190042-20211130-D00000.png
US-11123699-B1,Container including a mixed beverage ,Michael Gilman,Michael Gilman,2021-02-23,2021-04-08,2021-09-21,2021-09-21,https://patents.google.com/patent/US11123699B1/en,https://patentimages.storage.googleapis.com/6d/93/27/c8a03da42ba62c/US11123699-20210921-D00000.png
US-11180253-B1,System for fire suppression by autonomous air and ground vehicles ,Brien Aven Seeley,Brien Aven Seeley,,2021-03-24,2021-11-23,2021-11-23,https://patents.google.com/patent/US11180253B1/en,https://patentimages.storage.googleapis.com/35/a1/6d/6185847ab70394/US11180253-20211123-D00000.png
US-2021178633-A1,Dust Collecting Concrete Saw ,Kyle Bourget,Kyle Bourget,2021-02-24,2021-02-24,2021-06-17,,https://patents.google.com/patent/US20210178633A1/en,https://patentimages.storage.googleapis.com/2c/18/9f/a96920900c9f45/US20210178633A1-20210617-D00000.png
US-11190715-B2,System and method for event camera data processing ,Apple Inc.,Aleksandr M. Movshovich,,2021-03-18,2021-11-30,2021-11-30,https://patents.google.com/patent/US11190715B2/en,https://patentimages.storage.googleapis.com/ae/a5/3d/1768be068c39a9/US11190715-20211130-D00000.png
US-2021318981-A1,Selection of Communication Protocol for Management Bus ,"Janusz Jurski, Amit Kumar SRIVASTAVA, Matthew A. Schnoor, Myron Loewen, Tim McKee","Janusz Jurski, Amit Kumar SRIVASTAVA, Matthew A. Schnoor, Myron Loewen, Tim McKee",2021-03-09,2021-06-25,2021-10-14,,https://patents.google.com/patent/US20210318981A1/en,https://patentimages.storage.googleapis.com/c7/7c/aa/f6c77e52e87487/US20210318981A1-20211014-D00000.png
US-11089264-B1,Interactive videoconference apparatus ,Audie Tatum,Audie Tatum,2021-02-22,2021-04-20,2021-08-10,2021-08-10,https://patents.google.com/patent/US11089264B1/en,https://patentimages.storage.googleapis.com/56/74/ea/facfa29c39a773/US11089264-20210810-D00000.png
US-2021247743-A1,Functional safety with root of safety and chain of safety ,Intel Corporation,"Darshan Raj, Ralf SENGLE",2021-03-26,2021-03-26,2021-08-12,,https://patents.google.com/patent/US20210247743A1/en,https://patentimages.storage.googleapis.com/fc/3b/26/bc6173940ad87f/US20210247743A1-20210812-D00000.png
US-2021224213-A1,Techniques for near data acceleration for a multi-core architecture ,Intel Corporation,"Swapna RAJ, Samantika S. Sury, Kermin ChoFleming, Simon C. Steely, Jr.",2021-03-19,2021-03-19,2021-07-22,,https://patents.google.com/patent/US20210224213A1/en,https://patentimages.storage.googleapis.com/98/0e/aa/4fd28dc613e037/US20210224213A1-20210722-D00000.png
US-11188156-B2,Artificial reality notification triggers ,"Facebook Technologies, Llc","Anastasia Victor-Faichney, Alexander Chen Runke, Difei Wang, Flavio Mattos de Carvalho",,2021-02-05,2021-11-30,2021-11-30,https://patents.google.com/patent/US11188156B2/en,https://patentimages.storage.googleapis.com/00/47/8d/43e21bcae2af07/US11188156-20211130-D00000.png
US-2021367921-A1,Premises management configuration and control ,"Icontrol Networks, Inc.","Marc Baum, Paul J. Dawes",,2021-03-22,2021-11-25,,https://patents.google.com/patent/US20210367921A1/en,https://patentimages.storage.googleapis.com/7c/e3/ab/22a2d135c30826/US20210367921A1-20211125-D00000.png
US-11087017-B1,"Systems, methods, and computer-readable media for utilizing anonymous sharding techniques to protect distributed data ",Technology Innovation Institute,"Septimiu F. Mare, Najwa Aaraj, Marcos Manzano, Alvaro Garcia",2021-03-09,2021-03-09,2021-08-10,2021-08-10,https://patents.google.com/patent/US11087017B1/en,https://patentimages.storage.googleapis.com/6e/a8/10/e5af49afc6bb8a/US11087017-20210810-D00000.png
US-2021219459-A1,Two-phase manifold cold plate for liquid cooling ,Intel Corporation,"Jin Yang, David Shia, Mohanraj Prabhugoud",2021-03-08,2021-03-08,2021-07-15,,https://patents.google.com/patent/US20210219459A1/en,https://patentimages.storage.googleapis.com/9f/8b/fb/65ac6300af5573/US20210219459A1-20210715-D00000.png
US-2021208647-A1,Flexible and modular top and bottom side processor unit module cooling ,Intel Corporation,"Andres Ramirez Macias, Aardra B. Athalye, Devdatta Prakash Kulkarni, Gilberto Rayas Paredes, Bijoyraj Sahu",2021-02-26,2021-02-26,2021-07-08,,https://patents.google.com/patent/US20210208647A1/en,https://patentimages.storage.googleapis.com/b7/34/39/1bc952d0a5c964/US20210208647A1-20210708-D00000.png
US-2021370960-A1,Systems and methods for monitoring an operation of one or more self-driving vehicles ,Clearpath Robotics Inc.,"Guillaume Michel Autran, Jin-Myung Won, James SERVOS, Ryan Christopher GARIEPY, Shahab Kaynama",,2021-01-29,2021-12-02,,https://patents.google.com/patent/US20210370960A1/en,https://patentimages.storage.googleapis.com/36/c0/25/eb24d0a8d2a8c0/US20210370960A1-20211202-D00000.png
US-11188046-B1,Determining alerts based on video content and sensor data ,Samsara Inc.,"Saleh ElHattab, Kathryn Siegel, Noah Paul Gonzales, Etienne Jean-Claude Dejoie, Maxwell Coleman Goldberg, Joyce Tian Chen, Kelsey Michelle Lam, Adam Eric Funkenbusch, Karthikram Rajadurai, Rhea Lin, Sebastian Richard Sangervasi, Aidan Siobhan Madigan-Curtis, William Arthur Hughes",,2021-02-12,2021-11-30,2021-11-30,https://patents.google.com/patent/US11188046B1/en,https://patentimages.storage.googleapis.com/71/72/35/4b1d5005880950/US11188046-20211130-D00000.png
US-11129952-B1,Tracheotomy device and method of use ,Joshua D. Pollack,Joshua D. Pollack,2021-02-23,2021-02-23,2021-09-28,2021-09-28,https://patents.google.com/patent/US11129952B1/en,https://patentimages.storage.googleapis.com/31/1a/ff/c0f84f2f282d63/US11129952-20210928-D00000.png
US-2021313744-A1,Ground pin for device-to-device connection ,Intel Corporation,"Xiang Li, George Vergis",2021-03-26,2021-03-26,2021-10-07,,https://patents.google.com/patent/US20210313744A1/en,https://patentimages.storage.googleapis.com/68/23/b1/638de3cb4c0acb/US20210313744A1-20211007-D00000.png
US-11181642-B1,Lidar system ,"Aurora Operations, Inc.",Edward Joseph Angus,,2021-02-04,2021-11-23,2021-11-23,https://patents.google.com/patent/US11181642B1/en,https://patentimages.storage.googleapis.com/07/0a/bb/b5555d4112aa0e/US11181642-20211123-D00000.png
US-2021232528-A1,Configurable device interface ,Intel Corporation,"Patrick G. Kutch, Andrey Chilikin, Jin Yu, Cunming LIANG, Changpeng Liu, Ziye Yang, Gang Cao, Xiaodong Liu, Zhiguo Wen, Zhihua Chen",2021-03-22,2021-03-22,2021-07-29,,https://patents.google.com/patent/US20210232528A1/en,https://patentimages.storage.googleapis.com/d9/a5/68/1b229815af9289/US20210232528A1-20210729-D00000.png
US-11188393-B1,Systems and methods for performing load balancing and distributed high-availability ,NortonLifeLock Inc.,Qing Li,,2021-03-02,2021-11-30,2021-11-30,https://patents.google.com/patent/US11188393B1/en,https://patentimages.storage.googleapis.com/c8/d7/0e/017a74c3161fb5/US11188393-20211130-D00000.png
US-2021286727-A1,Dynamic random access memory (dram) with scalable meta data ,Intel Corporation,Kuljit S. Bains,2021-03-26,2021-03-26,2021-09-16,,https://patents.google.com/patent/US20210286727A1/en,https://patentimages.storage.googleapis.com/6e/f1/1e/4757b8a1f62558/US20210286727A1-20210916-D00000.png
US-2021165730-A1,Hardware reliability diagnostics and failure detection via parallel software computation and compare ,Intel Corporation,"Krishna Surya, William L. Hines",2021-02-12,2021-02-12,2021-06-03,,https://patents.google.com/patent/US20210165730A1/en,https://patentimages.storage.googleapis.com/14/82/91/86db50e6f28f86/US20210165730A1-20210603-D00000.png
US-2021191490-A1,Balancing power between discrete components in a compute node ,Intel Corporation,"Phani Kumar Kandula, Eric J. DeHaemer, Dorit Shapira, Ramkumar Nagappan, Vivek Garg, Fuat Keceli, Mani Prakash, David C. HOLCOMB, Horthense D. Tamdem, Olivier Franza, Vjekoslav Svilan",2021-03-03,2021-03-03,2021-06-24,,https://patents.google.com/patent/US20210191490A1/en,https://patentimages.storage.googleapis.com/e7/44/ac/b4a6c86e4ce2d0/US20210191490A1-20210624-D00000.png
US-11187402-B1,Illumination assemblies using magnetic attachment and activation ,James Haug,James Haug,,2021-01-22,2021-11-30,2021-11-30,https://patents.google.com/patent/US11187402B1/en,https://patentimages.storage.googleapis.com/9a/e2/43/8f33510b116013/US11187402-20211130-D00000.png
US-2021376939-A1,Proximate communication with a target device ,Intel Corporation,"Gyan Prakash, Nagasubramanian Gurumoorthy",,2021-03-17,2021-12-02,,https://patents.google.com/patent/US20210376939A1/en,https://patentimages.storage.googleapis.com/0d/c2/76/2abe4ad5a6dd5a/US20210376939A1-20211202-D00000.png
US-11155315-B1,Bicycle frame lighting system ,Jetson Electric Bike LLC,"Josh Sultan, Sam Husain",2021-01-29,2021-01-29,2021-10-26,2021-10-26,https://patents.google.com/patent/US11155315B1/en,https://patentimages.storage.googleapis.com/f1/50/e0/a330e9f34f114d/US11155315-20211026-D00000.png
US-11106357-B1,Low latency tactile telepresence ,"University Of Central Florida Research Foundation, Inc.","Gregory Welch, Ryan McMahan, Gerd Bruder",2021-02-15,2021-02-15,2021-08-31,2021-08-31,https://patents.google.com/patent/US11106357B1/en,https://patentimages.storage.googleapis.com/d8/34/57/6a04adc4d3c8af/US11106357-20210831-D00000.png
US-2021376537-A1,Reel based outlet relocation/extension system ,"One-Eyed Pilot Innovations, Inc.",James Bradley Post,,2021-03-12,2021-12-02,,https://patents.google.com/patent/US20210376537A1/en,https://patentimages.storage.googleapis.com/6f/78/93/047194d6734b2d/US20210376537A1-20211202-D00000.png
US-11116251-B1,Vaporizer cartridge with removable ring ,"The Blinc Group, Inc.","Alexander Aksenov, Arnaud Dumas de Rauly",2021-03-04,2021-03-04,2021-09-14,2021-09-14,https://patents.google.com/patent/US11116251B1/en,https://patentimages.storage.googleapis.com/6a/70/0e/6be9f70f7cf93d/US11116251-20210914-D00000.png
US-11171646-B1,Turn-off detection circuits for anti-series switches ,Infineon Technologies Ag,Stefan Schumi,2021-01-14,2021-01-14,2021-11-09,2021-11-09,https://patents.google.com/patent/US11171646B1/en,https://patentimages.storage.googleapis.com/35/39/59/16c5ab42597457/US11171646-20211109-D00000.png
US-2021218559-A1,Secure key provisioning and hardware-assisted secure key storage and secure cryptographic function operation in container-based environments ,Intel Corporation,"Haidong Xia, Mourad Cherfaoui",2021-03-26,2021-03-26,2021-07-15,,https://patents.google.com/patent/US20210218559A1/en,https://patentimages.storage.googleapis.com/e1/6c/c1/6accf73d63121e/US20210218559A1-20210715-D00000.png
US-2021208901-A1,Platform hardening for bootloaders via reference firmware ,Intel Corporation,"Subrata Banik, Aamir Bohra, Vincent Zimmer, Robert E. Gough, Xiang Ma, Jabeena Begum Gaibusab",2021-03-24,2021-03-24,2021-07-08,,https://patents.google.com/patent/US20210208901A1/en,https://patentimages.storage.googleapis.com/f1/81/3a/6afb600430f7d9/US20210208901A1-20210708-D00000.png
US-2021193558-A1,Technologies for processor loading mechanisms ,Intel Corporation,"Ralph V. Miele, Phil Geng, Mengqi Liu, David Shia, Sandeep Ahuja, Eric W. Buddrius, Jeffory L. Smalley",2021-02-26,2021-02-26,2021-06-24,,https://patents.google.com/patent/US20210193558A1/en,https://patentimages.storage.googleapis.com/05/f4/c7/8e94d29f3d5a0e/US20210193558A1-20210624-D00000.png
US-2021185850-A1,Hybrid liquid cooling ,Intel Corporation,"Devdatta Prakash Kulkarni, Nishi Ahuja, Sandeep Ahuja, Timothy M. Gates, Casey Robert Winkel",2021-02-25,2021-02-25,2021-06-17,,https://patents.google.com/patent/US20210185850A1/en,https://patentimages.storage.googleapis.com/a5/26/9a/ebb9ef060d4b0b/US20210185850A1-20210617-D00000.png
US-2021141723-A1,Memory usage in managed runtime applications ,"Han B. Lee, Simonjit Dutta, Rodolfo G. Esteves Jaramillo, Poornima S. Kumar, Chanchala Roy Lairikyengbam, Weilin Wang","Han B. Lee, Simonjit Dutta, Rodolfo G. Esteves Jaramillo, Poornima S. Kumar, Chanchala Roy Lairikyengbam, Weilin Wang",2021-01-24,2021-01-24,2021-05-13,,https://patents.google.com/patent/US20210141723A1/en,https://patentimages.storage.googleapis.com/82/bc/17/d9c023ad925276/US20210141723A1-20210513-D00000.png
US-11075901-B1,Systems and methods for authenticating a user accessing a user account ,King Abdulaziz University,"Nada Alruhaily, Fahad Alsolami",2021-01-22,2021-01-22,2021-07-27,2021-07-27,https://patents.google.com/patent/US11075901B1/en,https://patentimages.storage.googleapis.com/f5/d5/b7/416a704ce29457/US11075901-20210727-D00000.png
US-11185656-B2,Pulsed pressure swing adsorption system and method ,Aires Medical LLC,"Nicholas L. Oddo, Peter D. Fitchen, Eugene H. Breniman",,2021-03-12,2021-11-30,2021-11-30,https://patents.google.com/patent/US11185656B2/en,https://patentimages.storage.googleapis.com/2d/7f/90/2f86598cae3f76/US11185656-20211130-D00000.png
US-2021377919-A1,Scheduling resources for user equipment (ue) sidelink communication ,Qualcomm Incorporated,"Lik Hang Silas FONG, Jing Sun, Piyush Gupta, Junyi Li, Xiaoxia Zhang, Xiaojie Wang",,2021-03-11,2021-12-02,,https://patents.google.com/patent/US20210377919A1/en,https://patentimages.storage.googleapis.com/c8/b6/3c/5047cc3e149c47/US20210377919A1-20211202-D00000.png
US-11139130-B1,Safety switch ,Arcachon Holdings Llc,"Jamey Marcus Caldwell, Gary Leegate",2021-02-09,2021-02-09,2021-10-05,2021-10-05,https://patents.google.com/patent/US11139130B1/en,https://patentimages.storage.googleapis.com/20/50/c6/4a5cffbb2acc33/US11139130-20211005-D00000.png
US-2021371097-A1,Rotatable thruster aircraft ,Joseph Raymond RENTERIA,Joseph Raymond RENTERIA,,2021-02-04,2021-12-02,,https://patents.google.com/patent/US20210371097A1/en,https://patentimages.storage.googleapis.com/47/a3/1e/6a6e3fd35fae18/US20210371097A1-20211202-D00000.png
US-2021242108-A1,Technologies for liquid cooling systems ,Intel Corporation,"Ralph W. Jensen, Michael Thomas Crocker, Wesley B. Morgan",2021-03-26,2021-03-26,2021-08-05,,https://patents.google.com/patent/US20210242108A1/en,https://patentimages.storage.googleapis.com/8c/4c/dd/ccad7877f3ab39/US20210242108A1-20210805-D00000.png
US-2021216238-A1,High performance memory module with reduced loading ,Intel Corporation,"Bill Nale, George Vergis",2021-03-26,2021-03-26,2021-07-15,,https://patents.google.com/patent/US20210216238A1/en,https://patentimages.storage.googleapis.com/73/01/46/41e66291950c5e/US20210216238A1-20210715-D00000.png
US-2021375370-A1,System and method for reliable sensing of memory cells ,"Taiwan Semiconductor Manufacturing Company, Ltd.","Szu-chun TSAO, Jaw-Juinn Horng",,2021-03-09,2021-12-02,,https://patents.google.com/patent/US20210375370A1/en,https://patentimages.storage.googleapis.com/a3/0f/93/e342f6638ce820/US20210375370A1-20211202-D00000.png
US-2021375356-A1,Systems and methods to store multi-level data ,Taiwan Semiconductor Manufacturing Company Limited,Shih-Lien Linus Lu,,2021-03-17,2021-12-02,,https://patents.google.com/patent/US20210375356A1/en,https://patentimages.storage.googleapis.com/13/ae/c7/4cf7ff9a218046/US20210375356A1-20211202-D00000.png
US-11020266-B1,Anti-snoring system ,Jose B Molina,Jose B Molina,2021-01-05,2021-01-05,2021-06-01,2021-06-01,https://patents.google.com/patent/US11020266B1/en,https://patentimages.storage.googleapis.com/55/0b/0b/0eeedcfefade69/US11020266-20210601-D00000.png
US-2021216377-A1,Methods and apparatus for power sharing between discrete processors ,Intel Corporation,"Niharika Arlagadda Narasimharaju, Sudheer Nair, II James Hermerding, Merwin Brown, Deepak Ganapathy, Fabian Garita Gonzalez",2021-03-26,2021-03-26,2021-07-15,,https://patents.google.com/patent/US20210216377A1/en,https://patentimages.storage.googleapis.com/21/2c/a1/778c5fba03fa9e/US20210216377A1-20210715-D00000.png
US-2021282525-A1,Warm cream dispenser applicator device with wireless heating ,Youti Kuo,Youti Kuo,2021-03-06,2021-03-06,2021-09-16,,https://patents.google.com/patent/US20210282525A1/en,https://patentimages.storage.googleapis.com/17/a9/6b/774bfb98f0cfc2/US20210282525A1-20210916-D00000.png
US-2021232020-A1,Articulating Light Hood ,"Polar Pro Filters, Inc.",Esteban Martinez,2021-03-25,2021-03-25,2021-07-29,,https://patents.google.com/patent/US20210232020A1/en,https://patentimages.storage.googleapis.com/18/ae/01/a4b536e459c863/US20210232020A1-20210729-D00000.png
US-11165120-B1,Energy storage module ,High Tech Battery Inc.,Kuei Yung WANG,2021-02-17,2021-02-17,2021-11-02,2021-11-02,https://patents.google.com/patent/US11165120B1/en,https://patentimages.storage.googleapis.com/8e/33/fd/c0b53e92784c4b/US11165120-20211102-D00001.png
US-2021186798-A1,Massager for male genitalia ,Yiqun Tang,Yiqun Tang,2021-03-09,2021-03-09,2021-06-24,,https://patents.google.com/patent/US20210186798A1/en,https://patentimages.storage.googleapis.com/16/43/98/236d717bd514fe/US20210186798A1-20210624-D00000.png
US-11108483-B1,Multifunction emergency weather radio ,"Dongguan Jinwenhua Digital Technology Co., Ltd.","Wen Yan, Zhongmeng Zhang",2021-02-26,2021-03-21,2021-08-31,2021-08-31,https://patents.google.com/patent/US11108483B1/en,https://patentimages.storage.googleapis.com/b4/e7/71/5544e3923f7625/US11108483-20210831-D00000.png
US-11188160-B1,Wireless controlling system implemented with smart ring and wireless controlling method thereof ,"Rockrocket Co., Ltd.",Yung-Hao LIU,,2021-03-25,2021-11-30,2021-11-30,https://patents.google.com/patent/US11188160B1/en,https://patentimages.storage.googleapis.com/e9/8f/49/46a2689ac57654/US11188160-20211130-D00000.png
US-2021216121-A1,Technologies for liquid cooling interfaces ,Intel Corporation,"Kristin L. Weldon, David Rodriguez, Jin Yang, David Shia, Jimmy Chuang, Mohanraj Prabhugoud, Mark Edmund Sprenger",2021-03-26,2021-03-26,2021-07-15,,https://patents.google.com/patent/US20210216121A1/en,https://patentimages.storage.googleapis.com/6b/7e/86/719b8ddb7fb514/US20210216121A1-20210715-D00000.png
US-11180384-B1,Water treatment system with enclosed reactor and pulsed electromagnetic wave generator ,King Abdulaziz University,Iqbal Ahmed Moujdin,,2021-03-22,2021-11-23,2021-11-23,https://patents.google.com/patent/US11180384B1/en,https://patentimages.storage.googleapis.com/27/d2/2d/cd327ae4446399/US11180384-20211123-D00000.png
US-2021369905-A1,White light led light bulbs for ambient lighting and pathogen inactivation ,"Know Labs, Inc.",Phillip Bosua,,2021-03-23,2021-12-02,,https://patents.google.com/patent/US20210369905A1/en,https://patentimages.storage.googleapis.com/32/69/d4/469edd51a99710/US20210369905A1-20211202-D00000.png
US-11156175-B1,Vehicle with a dual path evaporative emissions system ,"Ford Global Technologies, Llc",Aed M. Dudar,2021-01-06,2021-01-06,2021-10-26,2021-10-26,https://patents.google.com/patent/US11156175B1/en,https://patentimages.storage.googleapis.com/c1/31/a7/0b7bdb68c31909/US11156175-20211026-D00000.png
US-2021183846-A1,Enhanced integrated circuit component power delivery ,Intel Corporation,"Jeffory L. Smalley, Thomas Holden, Russell J. Wunderlich, Farzaneh Yahyaei-Moayyed, Mohanraj Prabhugoud, Horthense Delphine Tamdem, Vijaya BODDU, Kaladhar Radhakrishnan, Timothy Glen Hanna, Krishna Bharath, Judy Amanor-Boadu, Mark A. Schmisseur, Srikant Nekkanty, Luis E. Rosales Galvan",2021-02-25,2021-02-25,2021-06-17,,https://patents.google.com/patent/US20210183846A1/en,https://patentimages.storage.googleapis.com/68/be/ec/c7576a06041357/US20210183846A1-20210617-D00000.png
US-11097444-B1,Bonding wood or other plant products using ultrasound energy ,Bobak Ha'Eri,Bobak Ha'Eri,2021-01-22,2021-01-22,2021-08-24,2021-08-24,https://patents.google.com/patent/US11097444B1/en,https://patentimages.storage.googleapis.com/b4/e3/90/de1f4f0e446ecf/US11097444-20210824-D00000.png
US-2021373499-A1,Sleeve and/or Cuff Holder Apparatus and Methods of Using the Same ,"Robert Blume, Aaron Rutkowski","Robert Blume, Aaron Rutkowski",,2021-03-03,2021-12-02,,https://patents.google.com/patent/US20210373499A1/en,https://patentimages.storage.googleapis.com/75/9e/05/013f6b0b7f5ab6/US20210373499A1-20211202-D00000.png
US-2021370051-A1,"Nasal stimulation for rhinitis, nasal congestion, and ocular allergies ",Oculeve Inc.,"James Donald Loudin, Daniel N. HAMILTON, Manfred Franke, Douglas Michael Ackermann",,2021-02-01,2021-12-02,,https://patents.google.com/patent/US20210370051A1/en,https://patentimages.storage.googleapis.com/98/b1/68/8d059eb36696a2/US20210370051A1-20211202-D00000.png
US-2021369187-A1,Non-contact chewing sensor and portion estimator ,The Board Of Trustees Of The University Of Alabama,"Viprav Bhaskar Raju, Edward Sazonov",,2021-03-24,2021-12-02,,https://patents.google.com/patent/US20210369187A1/en,https://patentimages.storage.googleapis.com/bb/9d/c5/bf01698ccb5c20/US20210369187A1-20211202-D00000.png
US-2021315134-A1,"Heat dissipation device, heat dissipation method and terminal ","Xiamen Tianma Micro-Electronics Co., Ltd.",Hebing Feng,2021-01-29,2021-06-16,2021-10-07,,https://patents.google.com/patent/US20210315134A1/en,https://patentimages.storage.googleapis.com/fd/2f/36/89db4b0dea9993/US20210315134A1-20211007-D00000.png
US-11147069-B1,Enhanced base station downlink ,"At&T Intellectual Property I, L.P.","Aditya Chopra, Andrew Thornburg, Saeed Ghassemzadeh",2021-03-05,2021-03-05,2021-10-12,2021-10-12,https://patents.google.com/patent/US11147069B1/en,https://patentimages.storage.googleapis.com/42/f9/07/724ebdedfe6f4f/US11147069-20211012-D00000.png
US-11045653-B1,"Multi-electrode leads, adapters, and methods for left bundle branch pacing with depth control ",Eagle Point Medical LLC,"Leonid Makharinsky, Daniel Lev Makharinsky, Andrei Leonidovich Starostin",2021-02-11,2021-02-11,2021-06-29,2021-06-29,https://patents.google.com/patent/US11045653B1/en,https://patentimages.storage.googleapis.com/5b/9c/c0/7fa8f93a9e24fd/US11045653-20210629-D00000.png
US-10996163-B1,Acoustically isolated thermoacoustic imaging probe and process of manufacture ,Endra Life Sciences Inc.,"Jeremy Gill, Michael M. Thornton",2021-01-12,2021-01-12,2021-05-04,2021-05-04,https://patents.google.com/patent/US10996163B1/en,https://patentimages.storage.googleapis.com/3b/9c/0c/00c25681935ede/US10996163-20210504-D00000.png
US-11096261-B1,Systems and methods for accurate and efficient scene illumination from different perspectives ,"Illuscio, Inc.","Robert Monaghan, Joseph Bogacz",2021-02-25,2021-02-25,2021-08-17,2021-08-17,https://patents.google.com/patent/US11096261B1/en,https://patentimages.storage.googleapis.com/5e/d7/29/973c3572023e38/US11096261-20210817-D00000.png
US-11033208-B1,Fixed operation time frequency sweeps for an analyte sensor ,"Know Labs, Inc.",Phillip Bosua,2021-02-05,2021-02-05,2021-06-15,2021-06-15,https://patents.google.com/patent/US11033208B1/en,https://patentimages.storage.googleapis.com/f6/ce/65/a725695b4dded6/US11033208-20210615-D00000.png
US-11152921-B1,Systems and methods for control signal latching in memories ,Qualcomm Incorporated,"Veerabhadra Rao Boda, Rahul Sahu, Sharad Kumar Gupta",2021-03-17,2021-03-17,2021-10-19,2021-10-19,https://patents.google.com/patent/US11152921B1/en,https://patentimages.storage.googleapis.com/1f/4d/9e/b0310ee65ef3bb/US11152921-20211019-D00000.png
US-2021208664-A1,Methods and apparatus to detect proximity of objects to computing devices using near ultrasonic sound waves ,Intel Corporation,Tigi Thomas,2021-03-24,2021-03-24,2021-07-08,,https://patents.google.com/patent/US20210208664A1/en,https://patentimages.storage.googleapis.com/c7/6f/a9/bd0f7940ada202/US20210208664A1-20210708-D00000.png
US-11160925-B1,Automatic drug delivery system for delivery of a GLP-1 therapeutic ,Insulet Corporation,"Trang LY, Matt Rainville, M. Thomas Andersen",2021-01-29,2021-02-19,2021-11-02,2021-11-02,https://patents.google.com/patent/US11160925B1/en,https://patentimages.storage.googleapis.com/05/02/0c/a64b45000f78ae/US11160925-20211102-D00000.png
US-2021235231-A1,Systems and Methods for Locating an Asset ,Payton Hamilton,Payton Hamilton,2021-03-11,2021-03-11,2021-07-29,,https://patents.google.com/patent/US20210235231A1/en,https://patentimages.storage.googleapis.com/3d/a4/cd/0c6dc8812d9e9e/US20210235231A1-20210729-D00000.png
US-2021369328-A1,System and user interface for displaying actual operating parameters and ideal operating parameters ,Covidien Lp,"Daniel A. Joseph, Jennifer R. Mchenry",,2021-03-03,2021-12-02,,https://patents.google.com/patent/US20210369328A1/en,https://patentimages.storage.googleapis.com/e4/73/d8/686386cb1af455/US20210369328A1-20211202-D00000.png
US-2021371765-A1,Use of zirconium compound to improve low speed pre-ignition performance ,Afton Chemical Corporation,"Joseph Remias, Ashutosh GUPTA, Joseph W. Roos",,2021-02-25,2021-12-02,,https://patents.google.com/patent/US20210371765A1/en,https://patentimages.storage.googleapis.com/8a/f2/a5/ce055d3c8a04db/US20210371765A1-20211202-D00000.png
US-11177765-B1,Compact portable foldable solar panel support system and methods of use ,Miller Gregory K,Gregory K. Miller,2021-02-26,2021-02-26,2021-11-16,2021-11-16,https://patents.google.com/patent/US11177765B1/en,https://patentimages.storage.googleapis.com/ce/37/c1/83713edcfbe67f/US11177765-20211116-D00000.png
US-2021370068-A1,Floatable catheters for neuromodulation ,"CARDIONOMIC, Inc.","Steven L. Waldhauser, Steven D. Goedeke, Duane G. Frion",,2021-01-14,2021-12-02,,https://patents.google.com/patent/US20210370068A1/en,https://patentimages.storage.googleapis.com/38/3f/0e/283b703b1e2727/US20210370068A1-20211202-D00000.png
US-11093437-B1,Agentless network access reconciliation ,Bank Of America Corporation,"Ronald David Pfiester, Genaro Signo, Krupali Prafulchandra Desai, Hieu Xuan Hoang, Rahul Balar, Robert Justin Brown, Christopher Quinn",2021-02-16,2021-02-16,2021-08-17,2021-08-17,https://patents.google.com/patent/US11093437B1/en,https://patentimages.storage.googleapis.com/9b/6b/a1/92aa3746c56a89/US11093437-20210817-D00000.png
US-11185471-B2,Pressure-regulating vial adaptors ,"Icu Medical, Inc.",Thomas F. Fangrow,,2021-01-14,2021-11-30,2021-11-30,https://patents.google.com/patent/US11185471B2/en,https://patentimages.storage.googleapis.com/af/c1/a5/1ae1563aae9e32/US11185471-20211130-D00000.png
