search URL:,https://patents.google.com/?q=polyamide&country=US&before=priority:20210831&after=priority:20210801&language=ENGLISH
id,title,assignee,inventor/author,priority date,filing/creation date,publication date,grant date,result link,representative figure link
US-2021381804-A1,Scope covering systems ,Alpine Innovations Llc,Darren Jones,,2021-08-25,2021-12-09,,https://patents.google.com/patent/US20210381804A1/en,https://patentimages.storage.googleapis.com/06/59/9d/d4bbb40c6fc647/US20210381804A1-20211209-D00000.png
US-2021379859-A1,"Color change materials, methods of making, methods of use, and articles incorporating the color change materials ","Nike, Inc.","Jay CONSTANTINOU, Caleb W. Dyer, Jeremy D. Walker, Zachary C. Wright",,2021-08-24,2021-12-09,,https://patents.google.com/patent/US20210379859A1/en,https://patentimages.storage.googleapis.com/f6/f8/83/53f9452f7cf16a/US20210379859A1-20211209-D00000.png
US-2021382201-A1,Structurally-colored articles and methods for making and using structurally-colored articles ,"Nike, Inc.","Jennifer Bee, Jeremy Gantz, Kim Kovel",,2021-08-20,2021-12-09,,https://patents.google.com/patent/US20210382201A1/en,https://patentimages.storage.googleapis.com/c3/ed/ec/3fb2041b9387c6/US20210382201A1-20211209-D00000.png
US-2021382203-A1,Silicone hydrogels comprising n-alkyl methacrylamides and contact lenses made thereof ,"Johnson & Johnson Vision Care, Inc.","Azaam Alli, Dola Sinha",,2021-08-17,2021-12-09,,https://patents.google.com/patent/US20210382203A1/en,https://patentimages.storage.googleapis.com/bb/63/e8/ba49ac21976914/US20210382203A1-20211209-D00001.png
US-2021370357-A1,Peroxyformic acid compositions for membrane filtration cleaning ,Ecolab Usa Inc.,"Junzhong Li, Cynthia Bunders, Richard Staub, Paul Frazer Schacht, Caleb Power",,2021-08-11,2021-12-02,,https://patents.google.com/patent/US20210370357A1/en,https://patentimages.storage.googleapis.com/44/62/0f/824b6512b4a143/US20210370357A1-20211202-D00001.png
US-2021377508-A1,Systems and methods for custom object design ,"Lantos Technologies, Inc.","Robert J. Fei, Michael L. Rishton, Jonathan Aguilar, Lydia Gregoret, Keith Guggenberger, Brett Zubiate, Brian J. Fligor, Xiaowei Chen, David J. Wilfert",,2021-08-11,2021-12-02,,https://patents.google.com/patent/US20210377508A1/en,https://patentimages.storage.googleapis.com/36/a4/59/375d064ed32955/US20210377508A1-20211202-D00000.png
US-2021376330-A1,Reaction barrier between electrode active material and current collector ,Enevate Corporation,"Benjamin Yong Park, Rahul R. Kamath, Fred Bonhomme",,2021-08-11,2021-12-02,,https://patents.google.com/patent/US20210376330A1/en,https://patentimages.storage.googleapis.com/3f/1f/c4/3c991c34300781/US20210376330A1-20211202-D00001.png
US-2021370654-A1,Layered composite articles and methods of making same ,Columbia Insurance Company,"James Burns, Tom Odum, Jay Vecsey, Jean Briere, Derek BASS",,2021-08-10,2021-12-02,,https://patents.google.com/patent/US20210370654A1/en,https://patentimages.storage.googleapis.com/d1/3f/ee/362e945d7beaf6/US20210370654A1-20211202-D00000.png
US-2021372750-A1,Multi-Piece Polymer Ammunition Cartridge ,"True Velocity Ip Holdings, Llc","Lonnie Burrow, Christopher William Overton",,2021-08-09,2021-12-02,,https://patents.google.com/patent/US20210372750A1/en,https://patentimages.storage.googleapis.com/cb/98/4b/e2c4af4d40c24c/US20210372750A1-20211202-D00000.png
US-2021372747-A1,Color Coded Polymer Ammunition Cartridge ,"True Velocity Ip Holdings, Llc",Lonnie Burrow,,2021-08-09,2021-12-02,,https://patents.google.com/patent/US20210372747A1/en,https://patentimages.storage.googleapis.com/d0/28/71/885739f7a3ad11/US20210372747A1-20211202-D00000.png
US-2021372748-A1,Multi-Piece Polymer Ammunition Cartridge ,"True Velocity Ip Holdings, Llc","Lonnie Burrow, Christopher William Overton",,2021-08-09,2021-12-02,,https://patents.google.com/patent/US20210372748A1/en,https://patentimages.storage.googleapis.com/18/46/2e/02330a4250278e/US20210372748A1-20211202-D00000.png
US-2021372749-A1,Multi-Piece Polymer Ammunition Cartridge ,"True Velocity Ip Holdings, Llc","Lonnie Burrow, Christopher William Overton",,2021-08-09,2021-12-02,,https://patents.google.com/patent/US20210372749A1/en,https://patentimages.storage.googleapis.com/d2/2f/71/1dd8cce21d3b9d/US20210372749A1-20211202-D00000.png
US-2021372754-A1,Method of making a polymeric subsonic ammunition cartridge ,"True Velocity Ip Holdings, Llc",Lonnie Burrow,,2021-08-09,2021-12-02,,https://patents.google.com/patent/US20210372754A1/en,https://patentimages.storage.googleapis.com/5e/92/84/7f33f1f466751e/US20210372754A1-20211202-D00000.png
US-2021371611-A1,Laminated parts containing a slip resistant and water resistant outer layer and methods for their production ,Covestro Llc,Merle W. Lesko,,2021-08-16,2021-12-02,,https://patents.google.com/patent/US20210371611A1/en,
US-2021371668-A1,"Curable Compositions Containing 1,1-Di-Activated Vinyl Compounds and Related Coatings and Processes ","Ppg Industries Ohio, Inc.","Scott J. Moravek, Adam B. Powell, Lawrence G. Anderson, Scott W. Sisco, Davina J. Schwartzmiller, Aditya Gottumukkala",,2021-08-12,2021-12-02,,https://patents.google.com/patent/US20210371668A1/en,
US-2021372751-A1,Multi-Piece Polymer Ammunition Cartridge Nose ,"True Velocity Ip Holdings, Llc","Lonnie Burrow, Christopher William Overton",,2021-08-09,2021-12-02,,https://patents.google.com/patent/US20210372751A1/en,https://patentimages.storage.googleapis.com/8d/76/7d/5e15c3827da918/US20210372751A1-20211202-D00000.png
US-2021376302-A1,Method and apparatus for producing flexible oled device ,Sakai Display Products Corporation,"Kohichi Tanaka, Katsuhiko Kishimoto",,2021-08-05,2021-12-02,,https://patents.google.com/patent/US20210376302A1/en,https://patentimages.storage.googleapis.com/ef/99/2c/606ded37628eb4/US20210376302A1-20211202-D00000.png
US-2021378659-A1,"Devices, systems and methods for treating benign prostatic hyperplasia and other conditions ","Neotract, Inc.","Theodore Charles Lamson, Joshua Makower, Joseph Catanese, III, Jacqueline Nerney Welch, Amrish Jayprakash Walke, Claude Vidal, Russell J. Redmond, Michael Collinson",,2021-08-26,2021-12-09,,https://patents.google.com/patent/US20210378659A1/en,https://patentimages.storage.googleapis.com/d7/d7/c3/450955d51dc0e0/US20210378659A1-20211209-D00000.png
US-2021375844-A1,Method and device for manufacturing flexible light emission device ,Sakai Display Products Corporation,"Katsuhiko Kishimoto, Kazunobu Mameno, Kohichi Tanaka",,2021-08-16,2021-12-02,,https://patents.google.com/patent/US20210375844A1/en,https://patentimages.storage.googleapis.com/c1/24/12/bf578acdfde764/US20210375844A1-20211202-D00000.png
US-2021379585-A1,Multilayer fluidic devices and methods for their fabrication ,"Illumina, Inc.","Jeffrey S. Fisher, John A. Moon, Bala Murali Venkatesan",,2021-08-24,2021-12-09,,https://patents.google.com/patent/US20210379585A1/en,https://patentimages.storage.googleapis.com/f2/27/7f/dd5584f55964cf/US20210379585A1-20211209-D00001.png
US-2021378846-A1,Anti-migration stent ,"Boston Scientific Scimed, Inc.","John A. Hingston, Michael D. Amos, Terry V. Brown, Timothy L. Rubesch",,2021-08-25,2021-12-09,,https://patents.google.com/patent/US20210378846A1/en,https://patentimages.storage.googleapis.com/4c/2f/77/ccb6a8ac5620d8/US20210378846A1-20211209-D00000.png
US-2021369508-A1,Nonwoven Webs With Hydrophobic And Hydrophilic Layers ,The Procter & Gamble Company,"John Lee Hammons, Kelyn Anne Arora, Dean Larry DuVal, Stephanie Michelle Niezgoda, Rajeev Chhabra",,2021-08-10,2021-12-02,,https://patents.google.com/patent/US20210369508A1/en,https://patentimages.storage.googleapis.com/7c/3c/d9/96d39abff7c6a5/US20210369508A1-20211202-D00000.png
US-2021378847-A1,Stent ,"Boston Scientific Scimed, Inc.","Gary Gilmartin, Martyn G. Folan, Geraldine TONER, Paul E. TIERNEY, David Collins",,2021-08-26,2021-12-09,,https://patents.google.com/patent/US20210378847A1/en,https://patentimages.storage.googleapis.com/af/87/94/ee1168ed1de03b/US20210378847A1-20211209-D00000.png
US-2021385955-A1,Low-cost electronic medical device and related manufacturing process ,"Medtronic Minimed, Inc.","Claire F. Ferraro, Shelley L. Thurk",,2021-08-24,2021-12-09,,https://patents.google.com/patent/US20210385955A1/en,https://patentimages.storage.googleapis.com/ae/30/5b/99cb7c40e439d6/US20210385955A1-20211209-D00000.png
US-2021378852-A1,Prosthesis delivery system with tip travel limiter and method of use ,"Medtronic Vascular, Inc.","Robert J. Murray, III",,2021-08-20,2021-12-09,,https://patents.google.com/patent/US20210378852A1/en,https://patentimages.storage.googleapis.com/a3/df/77/1f55019a6c5a8b/US20210378852A1-20211209-D00000.png
US-2021378573-A1,Catheter ,"Japan Lifeline Co., Ltd.",Takuya Sasaki,,2021-08-22,2021-12-09,,https://patents.google.com/patent/US20210378573A1/en,https://patentimages.storage.googleapis.com/8d/a6/00/0b1a09c2b592b4/US20210378573A1-20211209-D00000.png
US-2021371799-A1,Detection of nuclease edited sequences in automated modules and instruments ,"Inscripta, Inc.","Andrew Garst, Michael Graige, Richard Fox, Eileen Spindler, Amy Hiddessen, Phillip Belgrader, Don Masquelier, Bruce Chabansky",,2021-08-13,2021-12-02,,https://patents.google.com/patent/US20210371799A1/en,https://patentimages.storage.googleapis.com/d4/70/3f/81c0c6530e5bb5/US20210371799A1-20211202-D00000.png
US-2021378154-A1,Conformal heat pipe assemblies ,General Electric Company,"Karthik Bodla, Nathaniel Benedict Hawes, Brian Magann Rush, Weijun Yin, Andrew Thomas Cross",,2021-08-11,2021-12-02,,https://patents.google.com/patent/US20210378154A1/en,https://patentimages.storage.googleapis.com/a0/ac/f3/a661d63e3b9f42/US20210378154A1-20211202-D00000.png
US-2021376370-A1,Constraint jig and manufacturing method of battery ,Kabushiki Kaisha Toshiba,Tomomichi Naka,,2021-08-12,2021-12-02,,https://patents.google.com/patent/US20210376370A1/en,https://patentimages.storage.googleapis.com/1c/16/36/28fa404e5cb6ef/US20210376370A1-20211202-D00000.png
US-2021379858-A1,Substrates comprising nano-patterning surfaces and methods of preparing thereof ,"Illumina, Inc.","M. Shane Bowen, Bala Murali Venkatesan, Steven M. Barnard",,2021-08-23,2021-12-09,,https://patents.google.com/patent/US20210379858A1/en,https://patentimages.storage.googleapis.com/59/02/da/4e6c6beba11b4f/US20210379858A1-20211209-D00000.png
US-2021380855-A1,"Solid polymeric adhesive compositions having high use temperature, and articles and methods thereof ","Zephyros, Inc.","Michael Czaplicki, Ira Miller",,2021-08-20,2021-12-09,,https://patents.google.com/patent/US20210380855A1/en,https://patentimages.storage.googleapis.com/e8/ba/e2/9e766da928c18d/US20210380855A1-20211209-D00000.png
US-2021377675-A1,Systems for bone conduction speaker ,"Shenzhen Voxtech Co., Ltd.","Fengyun LIAO, Jinbo ZHENG, Qian Chen, Hao Chen, Xin Qi",,2021-08-17,2021-12-02,,https://patents.google.com/patent/US20210377675A1/en,https://patentimages.storage.googleapis.com/f4/1c/54/121a501dbf6077/US20210377675A1-20211202-D00000.png
US-2021371705-A1,Articles and Components with UV Radiation Curable Elastomeric Materials and Methods of Making the Same ,"Nike, Inc.",Jay CONSTANTINOU,,2021-08-16,2021-12-02,,https://patents.google.com/patent/US20210371705A1/en,https://patentimages.storage.googleapis.com/f7/1c/a0/791c6996313f52/US20210371705A1-20211202-D00000.png
US-2021370597-A1,Additive manufacturing ,"Hewlett-Packard Development Company, L.P.","Hou T. NG, Alejandro Manuel De Pena",,2021-08-12,2021-12-02,,https://patents.google.com/patent/US20210370597A1/en,https://patentimages.storage.googleapis.com/9e/93/6a/5aaa033489a671/US20210370597A1-20211202-D00000.png
US-2021371717-A1,Blocked polyurethane tougheners for epoxy adhesives ,"Ddp Specialty Electronic Materials Us, Llc","Andreas Lutz, Daniel Schneider, Bindu Krishnan, Tyler Auvil",,2021-08-06,2021-12-02,,https://patents.google.com/patent/US20210371717A1/en,https://patentimages.storage.googleapis.com/e8/ad/da/975ee671ea9554/US20210371717A1-20211202-D00000.png
US-2021378793-A1,Treatment plan generation using collision detection by shape filling ,"Align Technology, Inc.","Igor AKOPOV, Anton LAPSHIN, Samuel BLANCO, Artem KUANBEKOV, Eric P. Meyer, Andrey MAXIMOV, Boris LIKHTMAN, Michael Flanagan, Jason Ramos, Mitra Derakhshan, Roman A. Roschin, Alexander BELOUS, Olga MATUSEVICH, Maria SHIRSHOVA, Nikolay YAKOVLEV",,2021-08-24,2021-12-09,,https://patents.google.com/patent/US20210378793A1/en,https://patentimages.storage.googleapis.com/92/c6/31/4ffe5a404c06bd/US20210378793A1-20211209-D00000.png
US-2021378834-A1,Spinal fusion cage system with inserter ,"Spinal Surgical Strategies, Inc., A Nevada Corporation D/B/A Kleiner Device Labs",Jeffrey B. Kleiner,,2021-08-23,2021-12-09,,https://patents.google.com/patent/US20210378834A1/en,https://patentimages.storage.googleapis.com/c2/c1/48/2ef7e24fa28973/US20210378834A1-20211209-D00000.png
US-2021364106-A1,Hvacr pipe ,"PTubes, Inc.",Nicola Pilone,2021-08-09,2021-08-09,2021-11-25,,https://patents.google.com/patent/US20210364106A1/en,https://patentimages.storage.googleapis.com/90/dc/b6/d61df9ad2aa541/US20210364106A1-20211125-D00000.png
US-2021378792-A1,Methods of manufacturing dental aligners ,"Align Technology, Inc.","Igor AKOPOV, Anton LAPSHIN, Samuel BLANCO, Artem KUANBEKOV, Eric P. Meyer, Andrey MAXIMOV, Boris LIKHTMAN, Michael Flanagan, Jason Ramos, Mitra Derakhshan, Roman A. Roschin",,2021-08-18,2021-12-09,,https://patents.google.com/patent/US20210378792A1/en,https://patentimages.storage.googleapis.com/fe/f3/c9/6d652eb160d253/US20210378792A1-20211209-D00000.png
US-2021380709-A1,Muscle targeting complexes and uses thereof for treating facioscapulohumeral muscular dystrophy ,"Dyne Therapeutics, Inc.","Romesh R. Subramanian, Mohammed T. Qatanani, Timothy Weeden",,2021-08-12,2021-12-09,,https://patents.google.com/patent/US20210380709A1/en,https://patentimages.storage.googleapis.com/8e/8c/f2/86ce72c36c750c/US20210380709A1-20211209-D00000.png
US-2021378794-A1,Virtual fillers for virtual models of dental arches ,"Align Technology, Inc.","Israel Velazquez, Andrey Cherkas, Stephan Albert Alexandre Dumothier, Anatoliy Parpara, Alexey Geraskin, Yury Slynko, Danila Chesnokov",,2021-08-25,2021-12-09,,https://patents.google.com/patent/US20210378794A1/en,https://patentimages.storage.googleapis.com/d1/29/44/70fc04b79d3cd8/US20210378794A1-20211209-D00000.png
US-2021380783-A1,Fibrous structures exhibiting improved whiteness index values ,The Procter & Gamble Company,"Gregory Charles Gordon, Jacqueline Besinaiz Thomas, Elaine Marie SUSZCYNSKY-MEISTER, Mark Robert Sivik, Gregory Scot Miracle",,2021-08-17,2021-12-09,,https://patents.google.com/patent/US20210380783A1/en,https://patentimages.storage.googleapis.com/e1/10/26/eea8fd034dcf00/US20210380783A1-20211209-D00000.png
US-2021378658-A1,Anchor delivery system ,"Neotract, Inc.","Joseph Catanese, III, Theodore Bender, Robert George, Floria Cheng, Jolene Cutts, Ling-Kang Tong, Michael Gearhart, Matthew McLean, James Niederjohn, Brian Y. Tachibana, Ben Thompson",,2021-08-26,2021-12-09,,https://patents.google.com/patent/US20210378658A1/en,https://patentimages.storage.googleapis.com/44/44/81/0c1b9d542645e3/US20210378658A1-20211209-D00000.png
US-2021369150-A1,"Relatively small devices applied to the skin, modular systems, and methods of use thereof ","Seventh Sense Biosystems, Inc.","Howard Bernstein, Donald E. Chickering, III, Douglas A. Levinson, David R. Walt, Shawn Davis, Ramin Haghgooie",,2021-08-13,2021-12-02,,https://patents.google.com/patent/US20210369150A1/en,https://patentimages.storage.googleapis.com/3e/81/b5/87ae13b501167e/US20210369150A1-20211202-D00000.png
US-2021379356-A1,Cardiac Compression Device Having Passive and Active Chambers ,"The Texas A&M University System, Corinnova Incorporated","John C. Criscione, Lewis D. Harrison, Michael R. Moreno, Christina M. Bolch, Dennis I. Robbins, Saurabh Biswas, Boris Leschinsky",,2021-08-05,2021-12-09,,https://patents.google.com/patent/US20210379356A1/en,https://patentimages.storage.googleapis.com/59/bb/fb/fdd3181ae146c8/US20210379356A1-20211209-D00000.png
US-2021378284-A1,Product portion enrobing machines and methods ,Altria Client Services Llc,"Andrew Nathan Carroll, Shannon Maxwell Black, Yan Helen Sun, William J. Burke, Robert Smith",,2021-08-25,2021-12-09,,https://patents.google.com/patent/US20210378284A1/en,https://patentimages.storage.googleapis.com/2f/bb/db/03ee68bc79ad5e/US20210378284A1-20211209-D00000.png
US-2021381793-A1,Firearm suppressor ,"Stealth Project, Llc",Michael B. Slack,,2021-08-17,2021-12-09,,https://patents.google.com/patent/US20210381793A1/en,https://patentimages.storage.googleapis.com/25/7e/71/d6562cc5b398d0/US20210381793A1-20211209-D00000.png
US-2021369253-A1,Remote center of motion robot ,The Johns Hopkins University,"Dan Stoianovici, Doru Petrisor, Changhan Jun, Sunghwan LIM",,2021-08-17,2021-12-02,,https://patents.google.com/patent/US20210369253A1/en,https://patentimages.storage.googleapis.com/e2/ae/bb/a174324a93015d/US20210369253A1-20211202-D00000.png
US-2021370637-A1,Thick and absorbent and/or flexible toilet tissue ,The Procter & Gamble Company,"Joerg Kleinwaechter, Eric Bryan Bond, Matthew Gary McKee, Hasan Eroglu, Tyler Jacob Werner, Jeffrey Chan, Joshua Thomas Fung, Jeffrey Glen Sheehan, Paul Dennis Trokhan, Jean A. Ibrahim",,2021-08-16,2021-12-02,,https://patents.google.com/patent/US20210370637A1/en,https://patentimages.storage.googleapis.com/d5/67/a3/95f9510b03dc94/US20210370637A1-20211202-D00000.png
US-2021369199-A1,Intelligent joint prosthesis ,Canary Medical Inc.,"Jeffrey M. Gross, Peter J. Schiller, William L. Hunter, Fred Cushner, Patrick M. Aubin",,2021-08-12,2021-12-02,,https://patents.google.com/patent/US20210369199A1/en,https://patentimages.storage.googleapis.com/1d/f0/7b/f723febb935588/US20210369199A1-20211202-D00000.png
US-2021369471-A1,Intelligent joint prosthesis ,Canary Medical Inc.,"Jeffrey M. Gross, Peter J. Schiller, William L. Hunter, Fred Cushner, Patrick M. Aubin",,2021-08-12,2021-12-02,,https://patents.google.com/patent/US20210369471A1/en,https://patentimages.storage.googleapis.com/fb/73/f5/c2fbe925320a45/US20210369471A1-20211202-D00000.png
US-2021369198-A1,Intelligent joint prosthesis ,Canary Medical Inc.,"Jeffrey M. Gross, Peter J. Schiller, William L. Hunter, Fred Cushner, Patrick M. Aubin",,2021-08-11,2021-12-02,,https://patents.google.com/patent/US20210369198A1/en,https://patentimages.storage.googleapis.com/3b/24/04/7ef1a118aef7bf/US20210369198A1-20211202-D00000.png
US-2021380944-A1,Therapeutic preparations of gamma-delta t cells and natural killer cells and methods for making and using them ,Ospedale Pediatrico Bambino Gesù,"Concetta QUINTARELLI, Biagio DE ANGELIS, Franco LOCATELLI",,2021-08-06,2021-12-09,,https://patents.google.com/patent/US20210380944A1/en,https://patentimages.storage.googleapis.com/75/7c/50/83325acf790f6f/US20210380944A1-20211209-D00001.png
US-2021380829-A1,Dye-sublimation inkjet printing for textile ,Kornit Digital Ltd.,"Allon SHIMONI, Jacob Mozel",,2021-08-23,2021-12-09,,https://patents.google.com/patent/US20210380829A1/en,https://patentimages.storage.googleapis.com/cf/ea/a0/ebf3249e5bc8ed/US20210380829A1-20211209-D00000.png
US-2021379424-A1,Smile-Through(TM) Transparent Smart Mask ,Medibotics Llc,Robert A. Connor,,2021-08-21,2021-12-09,,https://patents.google.com/patent/US20210379424A1/en,https://patentimages.storage.googleapis.com/8c/ba/28/156fe7d8aa7ccb/US20210379424A1-20211209-D00000.png
US-2021381163-A1,Method for separating lignin from ligno-cellulosic material ,King Abdulaziz University,Sherif Shawki Zaki Hindi,,2021-08-20,2021-12-09,,https://patents.google.com/patent/US20210381163A1/en,https://patentimages.storage.googleapis.com/66/68/2e/15d50433e9f039/US20210381163A1-20211209-D00000.png
US-2021378348-A1,Upper for an article of footwear with first and second knitted portions ,"Nike, Inc.",Stuart W. Dealey,,2021-08-20,2021-12-09,,https://patents.google.com/patent/US20210378348A1/en,https://patentimages.storage.googleapis.com/3e/7e/a8/9ef46450ef2751/US20210378348A1-20211209-D00000.png
US-2021378817-A1,Double heart valve anchoring ,Edwards Lifesciences Corporation,"Nima V. Nia, Hengchu Cao, Sakyasingh Tripathy, Douglas Thomas Dominick, Bingquan Su",,2021-08-24,2021-12-09,,https://patents.google.com/patent/US20210378817A1/en,https://patentimages.storage.googleapis.com/dd/5f/fd/09595420725035/US20210378817A1-20211209-D00000.png
US-2021376140-A1,Vertical transistor with self-aligned gate ,International Business Machines Corporation,"Juntao Li, Kangguo Cheng, Ruilong Xie, Chanro Park",,2021-08-16,2021-12-02,,https://patents.google.com/patent/US20210376140A1/en,https://patentimages.storage.googleapis.com/7d/57/f0/e1d9ad97451ccb/US20210376140A1-20211202-D00000.png
US-2021372054-A1,Tissue with Nanofibrillar Cellulose Surface Layer ,Gpcp Ip Holdings Llc,Carlos L. Salas Araujo,,2021-08-15,2021-12-02,,https://patents.google.com/patent/US20210372054A1/en,https://patentimages.storage.googleapis.com/b7/cf/f6/a91bfde79eab23/US20210372054A1-20211202-D00000.png
US-2021376078-A1,Semiconductor device and method of forming the semiconductor device ,International Business Machines Corporation,"Marc Adam Bergendahl, Gauri Karve, Fee Li LIE, Eric R. Miller, Robert Russell Robison, John Ryan Sporre, Sean TEEHAN",,2021-08-14,2021-12-02,,https://patents.google.com/patent/US20210376078A1/en,https://patentimages.storage.googleapis.com/24/2c/64/5a88394ed1dbee/US20210376078A1-20211202-D00000.png
US-2021378541-A1,Modular Coil Assembly ,"Medtronic Navigation, Inc.","Andrew Wald, Brad Jacobsen, Danail G. Danailov, Steven L. Hartmann",,2021-08-20,2021-12-09,,https://patents.google.com/patent/US20210378541A1/en,https://patentimages.storage.googleapis.com/d7/1a/34/bf3c67e033c683/US20210378541A1-20211209-D00000.png
US-2021380532-A1,Malassezin and analogs thereof as skin brightening agents ,"Versicolor Technologies, Llc","Michael Einziger, Ann Marie Simpson",,2021-08-23,2021-12-09,,https://patents.google.com/patent/US20210380532A1/en,https://patentimages.storage.googleapis.com/f7/fd/3a/8bb85092c22c6a/US20210380532A1-20211209-D00000.png
US-2021381262-A1,Self-constructing structures ,"Funnel Industries, Llc",Wesley Earl Miksa,,2021-08-23,2021-12-09,,https://patents.google.com/patent/US20210381262A1/en,https://patentimages.storage.googleapis.com/49/ed/ae/0712b23aebd1fc/US20210381262A1-20211209-D00000.png
US-2021370320-A1,Water management system for ore mining operation ,"Extrakt Process Solutions, Llc","Paul C. PAINTER, Bruce G. Miller, Aron Lupinsky",,2021-08-12,2021-12-02,,https://patents.google.com/patent/US20210370320A1/en,https://patentimages.storage.googleapis.com/c9/cd/6e/7ed8a4e8c2340a/US20210370320A1-20211202-D00000.png
US-2021378706-A1,Catheter systems with imaging assemblies ,"Intuitive Surgical Operations, Inc.","Christian S. Eversull, Stephen A. Leeflang, Nicholas J. Mourlas",,2021-08-19,2021-12-09,,https://patents.google.com/patent/US20210378706A1/en,https://patentimages.storage.googleapis.com/56/72/c6/1b9eb09c9f7f7d/US20210378706A1-20211209-D00000.png
US-2021384764-A1,Window antennas for emitting radio frequency signals ,"View, Inc.","Dhairya Shrivastava, Stephen Clark Brown",,2021-08-19,2021-12-09,,https://patents.google.com/patent/US20210384764A1/en,https://patentimages.storage.googleapis.com/f2/a2/7f/666fa47e5cab19/US20210384764A1-20211209-D00000.png
US-2021381650-A1,Interdigitated back contact metal-insulator-semiconductor solar cell with printed oxide tunnel junctions ,"Zhejiang Kaiying New Materials Co., Ltd.",Mohamed M. Hilali,,2021-08-19,2021-12-09,,https://patents.google.com/patent/US20210381650A1/en,https://patentimages.storage.googleapis.com/62/6a/40/09ab2a8d2956d6/US20210381650A1-20211209-D00000.png
US-2021373401-A1,Electrochromic devices ,"View, Inc.","Zhongchun Wang, Anshu Pradhan, Robert Rozbicki",,2021-08-17,2021-12-02,,https://patents.google.com/patent/US20210373401A1/en,https://patentimages.storage.googleapis.com/e6/f1/a2/13067598fa017a/US20210373401A1-20211202-D00000.png
US-2021371777-A1,Solid rinse aid composition comprising polyacrylic acid ,Ecolab Usa Inc.,"Carter M. Silvernail, Erik C. Olson",,2021-08-17,2021-12-02,,https://patents.google.com/patent/US20210371777A1/en,https://patentimages.storage.googleapis.com/f0/76/b9/dd56bf9f6b7cc3/US20210371777A1-20211202-D00001.png
US-2021372122-A1,Multifunctional water-borne high solids tile paint ,"Armstrong World Industries, Inc.","John E. Hughes, Brian L. Springer, Michelle X. Wang, Suzanne M. Huntzinger",,2021-08-16,2021-12-02,,https://patents.google.com/patent/US20210372122A1/en,https://patentimages.storage.googleapis.com/dc/5f/64/d44cfc49faab51/US20210372122A1-20211202-D00000.png
US-2021380662-A1,"Novel peptides, combination of peptides as targets and for use in immunotherapy against gallbladder cancer and cholangiocarcinoma and other cancers ",Immatics Biotechnologies Gmbh,"Andrea MAHR, Toni Weinschenk, Anita Wiebe, Oliver Schoor, Jens FRITSCHE, Harpreet Singh",,2021-08-13,2021-12-09,,https://patents.google.com/patent/US20210380662A1/en,https://patentimages.storage.googleapis.com/b8/1e/7f/8fa16add1308b2/US20210380662A1-20211209-D00001.png
US-2021370062-A1,Delivery system for intracorporeal smooth muscle stimulation ,"Allotrope Medical, Inc.","Jeffrey Paul Castleberry, Nishant Verma, Albert Yung-Hsiang Huang",,2021-08-12,2021-12-02,,https://patents.google.com/patent/US20210370062A1/en,https://patentimages.storage.googleapis.com/c1/a1/30/c8ed370ea20909/US20210370062A1-20211202-D00000.png
US-2021379073-A1,Use of a dpp-4 inhibitor in podocytes related disorders and/or nephrotic syndrome ,Boehringer Ingelheim International Gmbh,"Thomas Klein, Maximilian von EYNATTEN, Michael Mark",,2021-08-19,2021-12-09,,https://patents.google.com/patent/US20210379073A1/en,https://patentimages.storage.googleapis.com/c4/ee/96/10c0d9d1a8964c/US20210379073A1-20211209-D00001.png
US-2021373265-A1,Flame retardant buffer tubes for loose tube cables ,Corning Research & Development Corporation,"Jie Feng, William Carl Hurley, Martina Petra Richter-Bühling",,2021-08-06,2021-12-02,,https://patents.google.com/patent/US20210373265A1/en,https://patentimages.storage.googleapis.com/5f/b7/eb/0e091e5abedaf8/US20210373265A1-20211202-D00000.png
US-2021376484-A1,Substrate-loaded frequency-scaled ultra-wide spectrum element ,"The Mitre Corporation, The Government Of The United States Of America, As Represented By The Secretary Of The Navy","Wajih Elsallal, Jamie Hood, Al Locker, Rick W. Kindt",,2021-08-09,2021-12-02,,https://patents.google.com/patent/US20210376484A1/en,https://patentimages.storage.googleapis.com/82/32/39/7d532da3b99b45/US20210376484A1-20211202-D00000.png
US-2021378696-A1,Catheter having angled tip ,"Incept, Llc","Yi Yang, Ashoor Shahbazi Yourgenlow, Lisa M. Young, Brandon Yee",,2021-08-24,2021-12-09,,https://patents.google.com/patent/US20210378696A1/en,https://patentimages.storage.googleapis.com/ae/9d/b9/4c84cb2d05b8e7/US20210378696A1-20211209-D00000.png
US-2021380915-A1,Adjustable fermentation and cell culture flasks with integrated analyte sensors ,"University Of Maryland, Baltimore County","Govind Rao, Yordan Kostov, Michael TOLOSA, Xudong Ge, Vikash Kumar, Vida Rahmatnejad",,2021-08-20,2021-12-09,,https://patents.google.com/patent/US20210380915A1/en,https://patentimages.storage.googleapis.com/41/ef/ba/4add7a7b958a4d/US20210380915A1-20211209-D00000.png
US-2021379538-A1,Asymmetric Modified Carbon Molecular Sieve Hollow Fiber Membranes Having Improved Permeance ,"Georgia Tech Research Corporation, Air Liquide Advanced Technologies U.S., Llc","Nitesh Bhuwania, William John Koros, Paul Jason Williams",,2021-08-20,2021-12-09,,https://patents.google.com/patent/US20210379538A1/en,https://patentimages.storage.googleapis.com/ca/07/bb/a29b0920101347/US20210379538A1-20211209-D00000.png
US-2021373582-A1,Fluid transfer component for transferring thermal energy comprising a film with fluid channels ,Zane Coleman,Zane Coleman,,2021-08-16,2021-12-02,,https://patents.google.com/patent/US20210373582A1/en,https://patentimages.storage.googleapis.com/42/49/3f/6dc122f90dca8a/US20210373582A1-20211202-D00000.png
US-2021369864-A1,Vivo Radical-Mediated Polymerization for Targeted Delivery of Trophic Factors ,"Rutgers, The State University Of New Jersey","Christopher Lowe, David I. Shreiber, Emily DiMartini, Adam Gormley",,2021-08-10,2021-12-02,,https://patents.google.com/patent/US20210369864A1/en,https://patentimages.storage.googleapis.com/7f/ca/d0/94b36f0bf58f86/US20210369864A1-20211202-D00001.png
US-2021381040-A1,Methods for chemical ligation of nucleic acids ,"Illumina, Inc., Illumina Singapore Pte. Ltd.","Yin Nah Teo, Xi-Jun Chen, Tarun Kumar Khurana",,2021-08-06,2021-12-09,,https://patents.google.com/patent/US20210381040A1/en,https://patentimages.storage.googleapis.com/7f/e6/c4/376ba18935055b/US20210381040A1-20211209-D00001.png
US-2021378882-A1,Disposable absorbent article comprising a core with multiple laminates ,The Procter & Gamble Company,"Stephen Lebeuf Hardie, Ronda Lynn Glassmeyer, Edward Paul Carlin",,2021-08-25,2021-12-09,,https://patents.google.com/patent/US20210378882A1/en,https://patentimages.storage.googleapis.com/d1/1b/45/2730edb0db61ea/US20210378882A1-20211209-D00000.png
US-2021371793-A1,Continuous perfusion bioreactor system ,Global Life Sciences Solutions Usa Llc,"Parrish M. Galliher, Geoffrey L. Hodge, Michael Fisher, Patrick Guertin, Dan Mardirosian",,2021-08-05,2021-12-02,,https://patents.google.com/patent/US20210371793A1/en,https://patentimages.storage.googleapis.com/5b/6f/d7/a541ed5f939590/US20210371793A1-20211202-D00000.png
US-2021380968-A1,Compositions and methods for multiplex nucleic acids synthesis ,"Gen9, Inc.","Joseph Jacobson, Daniel Schindler, Ishtiaq Saaem, Scott S. Lawton, Martin J. Goldberg, Michael E. Hudson, Li-yun A. Kung",,2021-08-25,2021-12-09,,https://patents.google.com/patent/US20210380968A1/en,https://patentimages.storage.googleapis.com/88/a1/ca/ad9f2beba832c5/US20210380968A1-20211209-D00000.png
US-2021371771-A1,"Method for upgrading low-value and waste fats, oils, and greases ","Reg Synthetic Fuels, Llc","David A. Slade, Ramin Abhari, Martin Haverly, Peter Z. Havlik",,2021-08-18,2021-12-02,,https://patents.google.com/patent/US20210371771A1/en,https://patentimages.storage.googleapis.com/31/d9/37/fce21ab20095d3/US20210371771A1-20211202-D00000.png
US-2021379837-A1,Thermoplastic composites comprising water-soluble peo graft polymers for use as a sacrificial support in 3d additive manufacturing ,G6 Materials Corp.,"Daniel Stolyarov, Irina Pomestchenko",,2021-08-19,2021-12-09,,https://patents.google.com/patent/US20210379837A1/en,https://patentimages.storage.googleapis.com/13/e9/fc/03e49b4a05a3c7/US20210379837A1-20211209-D00001.png
US-2021378878-A1,Methods and Apparatuses for Making Elastomeric Laminates ,The Procter & Gamble Company,"Uwe Schneider, Joseph Allen Eckstein",,2021-08-24,2021-12-09,,https://patents.google.com/patent/US20210378878A1/en,https://patentimages.storage.googleapis.com/1f/19/95/47ff59f41c664d/US20210378878A1-20211209-D00000.png
US-2021373273-A1,"Super-absorbent swellable hot melt coated optical fibers, buffer tubes, cable designs thereof and manufacturing processes ",Corning Research & Development Corporation,"Dana Craig Bookbinder, Ruchi Tandon",,2021-08-17,2021-12-02,,https://patents.google.com/patent/US20210373273A1/en,https://patentimages.storage.googleapis.com/1a/ca/c0/4b5b5fbf5ac16c/US20210373273A1-20211202-D00000.png
US-2021378819-A1,Prosthetic Valves And Related Inventions ,"Tendyne Holdings, Inc.","Robert Vidlund, Kemal Schankereli, Lucian Lozonschi, Georg Lutter",,2021-08-16,2021-12-09,,https://patents.google.com/patent/US20210378819A1/en,https://patentimages.storage.googleapis.com/ca/61/e2/1fa639abada895/US20210378819A1-20211209-D00000.png
US-2021369449-A1,Prosthetic Valves And Related Inventions ,"Tendyne Holdings, Inc.","Robert Vidlund, Kemal Schankereli, Lucian Lozonschi, Georg Lutter",,2021-08-16,2021-12-02,,https://patents.google.com/patent/US20210369449A1/en,https://patentimages.storage.googleapis.com/30/6b/f2/7b9ee38939d4e2/US20210369449A1-20211202-D00000.png
US-2021369335-A1,Soft palate treatment ,"Aerin Medical, Inc.","Fred Dinger, Andrew Frazier, Scott J. Wolf",,2021-08-11,2021-12-02,,https://patents.google.com/patent/US20210369335A1/en,https://patentimages.storage.googleapis.com/ca/d5/fc/b31e23860cfa06/US20210369335A1-20211202-D00000.png
US-2021371583-A1,Ring-opening polymerizations using a flow reactor ,"International Business Machines Corporation, The Board Of Trustees Of The Leland Stanford Junior University","Nathaniel H. Park, James L. Hedrick, Victoria A. Piunova, Dmitry Zubarev, Gavin O. Jones, Robert M. Waymouth, Binhong Lin",,2021-08-11,2021-12-02,,https://patents.google.com/patent/US20210371583A1/en,https://patentimages.storage.googleapis.com/74/f2/36/a611768b1274a5/US20210371583A1-20211202-D00001.png
US-2021380229-A1,Reduced weight aircraft tire ,The Goodyear Tire & Rubber Company,Kiyoshi Ueyoko,,2021-08-23,2021-12-09,,https://patents.google.com/patent/US20210380229A1/en,https://patentimages.storage.googleapis.com/c2/ce/1b/2a08f777dfc83b/US20210380229A1-20211209-D00000.png
US-2021378908-A1,Heel Protector and Corresponding Rehabilitation Systems and Methods for Using the Same ,"Medline Industries, Inc.","Michelle Drey, Margaret Falconio-West, Bruce Shapiro",,2021-08-24,2021-12-09,,https://patents.google.com/patent/US20210378908A1/en,https://patentimages.storage.googleapis.com/96/b9/e1/110401f2b5ac5e/US20210378908A1-20211209-D00000.png
US-2021378818-A1,Devices and methods for repair of valvular insufficiency ,Edwards Lifesciences Corporation,"Boaz Manash, Noa Axelrod Manela, David Linsky",,2021-08-25,2021-12-09,,https://patents.google.com/patent/US20210378818A1/en,https://patentimages.storage.googleapis.com/ec/a4/bd/82aae69a1ddf89/US20210378818A1-20211209-D00000.png
US-2021385948-A1,Asymmetrical laminated circuit boards for improved electrical performance ,Intel Corporation,"Jackson Chung Peng Kong, Bok Eng Cheah, Tin Poay Chuah, Jenny Shio Yin ONG, Seok Ling Lim",,2021-08-25,2021-12-09,,https://patents.google.com/patent/US20210385948A1/en,https://patentimages.storage.googleapis.com/62/28/6d/f27f25defadd5c/US20210385948A1-20211209-D00000.png
US-2021381497-A1,Shape Memory Alloy Actuators And Methods Thereof ,Hutchinson Technology Incorporated,"Mark A. Miller, Nathaniel K. Behning, Dean E. Myers, Michael W. Davis, Ryan N. Ruzicka",,2021-08-25,2021-12-09,,https://patents.google.com/patent/US20210381497A1/en,https://patentimages.storage.googleapis.com/84/8b/66/b5a0675668f006/US20210381497A1-20211209-D00000.png
US-2021378820-A1,Method for deliverying a support member to a native heart valve ,Edwards Lifesciences Corporation,"Ronald J. Hosmer, Erin M. Spinner",,2021-08-25,2021-12-09,,https://patents.google.com/patent/US20210378820A1/en,https://patentimages.storage.googleapis.com/77/75/da/28e6822ecfde2d/US20210378820A1-20211209-D00000.png
US-2021381157-A1,Fungal textile materials and leather analogs ,"The Fynder Group, Inc.","Brendan Allen Stewart, Larry Andrew Alegria, Ryan Jacob Totman, Yuval Charles Avniel",,2021-08-24,2021-12-09,,https://patents.google.com/patent/US20210381157A1/en,https://patentimages.storage.googleapis.com/ab/88/7c/83057852e5c482/US20210381157A1-20211209-D00000.png
US-2021381159-A1,Fungal textile materials and leather analogs ,"The Fynder Group, Inc.","Brendan Allen Stewart, Larry Andrew Alegria, Ryan Jacob Totman, Yuval Charles Avniel",,2021-08-24,2021-12-09,,https://patents.google.com/patent/US20210381159A1/en,https://patentimages.storage.googleapis.com/d6/42/6a/c9a2fcfeda7b95/US20210381159A1-20211209-D00000.png
US-2021383180-A1,Flexible water-resistant sensor tag ,"Sensormatic Electronics, LLC","Gopal CHANDRAMOWLE, David TORRECILLA PUERTAS",,2021-08-25,2021-12-09,,https://patents.google.com/patent/US20210383180A1/en,https://patentimages.storage.googleapis.com/c8/f9/7e/573039a03e1beb/US20210383180A1-20211209-D00000.png
US-2021381158-A1,Fungal textile materials and leather analogs ,"The Fynder Group, Inc.","Brendan Allen Stewart, Larry Andrew Alegria, Ryan Jacob Totman, Yuval Charles Avniel",,2021-08-24,2021-12-09,,https://patents.google.com/patent/US20210381158A1/en,https://patentimages.storage.googleapis.com/c9/97/5d/4032d5f1eb7b4a/US20210381158A1-20211209-D00000.png
US-2021381554-A1,Elastomer series coupling damper for supercharger ,Eaton Intelligent Power Limited,Mark Harold Pratley,,2021-08-24,2021-12-09,,https://patents.google.com/patent/US20210381554A1/en,https://patentimages.storage.googleapis.com/b9/3d/39/f8932a3cc9e621/US20210381554A1-20211209-D00000.png
US-2021384075-A1,Method of Fabricating Redistribution Circuit Structure ,"Taiwan Semiconductor Manufacturing Co., Ltd.","Po-Han Wang, Yu-Hsiang Hu, Hung-Jui Kuo",,2021-08-23,2021-12-09,,https://patents.google.com/patent/US20210384075A1/en,https://patentimages.storage.googleapis.com/b7/bf/47/c19ee6f8cc7be7/US20210384075A1-20211209-D00000.png
US-2021384158-A1,Isolation Bonding Film for Semiconductor Packages and Methods of Forming the Same ,"Taiwan Semiconductor Manufacturing Co., Ltd.","Ming-Tsu CHUNG, Ku-Feng Yang, Yung-Chi Lin, Wen-Chih Chiou, Chen-Hua Yu",,2021-08-23,2021-12-09,,https://patents.google.com/patent/US20210384158A1/en,https://patentimages.storage.googleapis.com/74/90/58/468eaae07e4091/US20210384158A1-20211209-D00000.png
US-2021381501-A1,Hydraulic and Control System for Resin Injection ,J-Lok Co.,"Dakota Faulkner, Mark Crable, Michael Weaver",,2021-08-23,2021-12-09,,https://patents.google.com/patent/US20210381501A1/en,https://patentimages.storage.googleapis.com/16/16/4f/455f07a30c2b41/US20210381501A1-20211209-D00000.png
US-2021378737-A1,Liquid filled ablation catheter with overjacket ,"Ra Medical Systems, Inc.","Zachary Wood, James B. Laudenslager",,2021-08-20,2021-12-09,,https://patents.google.com/patent/US20210378737A1/en,https://patentimages.storage.googleapis.com/64/70/ec/a74906adc07ae9/US20210378737A1-20211209-D00000.png
US-2021382011-A1,Sensor with Droplet Retaining Structure ,"Qorvo Biotechnologies, Llc",James Russell Webster,,2021-08-20,2021-12-09,,https://patents.google.com/patent/US20210382011A1/en,https://patentimages.storage.googleapis.com/42/01/cb/e3159cc4cb5ec4/US20210382011A1-20211209-D00000.png
US-2021384577-A1,Lithium ion battery with lead acid form factor ,Cps Technology Holdings Llc,"Perry M. Wyatt, Thanh T. Nguyen",,2021-08-19,2021-12-09,,https://patents.google.com/patent/US20210384577A1/en,https://patentimages.storage.googleapis.com/cf/60/72/22e48053aa9fbc/US20210384577A1-20211209-D00000.png
US-2021384147-A1,Semiconductor package and manufacturing method thereof ,"Taiwan Semiconductor Manufacturing Company, Ltd.","Hsien-Wei Chen, Ming-Fa Chen, Sen-Bor Jan, Chih-Chia Hu",,2021-08-19,2021-12-09,,https://patents.google.com/patent/US20210384147A1/en,https://patentimages.storage.googleapis.com/50/03/18/6298a2f32a29ad/US20210384147A1-20211209-D00000.png
US-2021378341-A1,Soft mobile phone pouch having acoustic properties ,"Brian Cronk, Connor CRONK",Peter J. Cronk,,2021-08-05,2021-12-09,,https://patents.google.com/patent/US20210378341A1/en,https://patentimages.storage.googleapis.com/78/46/0e/048ee4eaa1bd55/US20210378341A1-20211209-D00000.png
US-2021372017-A1,Method of constructing a circular-knitted compression garment ,"Bsn Medical, Inc.","Larry W. Collins, Phillip T. Clark",,2021-08-18,2021-12-02,,https://patents.google.com/patent/US20210372017A1/en,https://patentimages.storage.googleapis.com/16/62/9c/b5cc2e14cd48ea/US20210372017A1-20211202-D00000.png
US-2021370416-A1,Cam lock fence system and method of use ,"Kreg Enterprises, Inc.",Scott L. Clark,,2021-08-17,2021-12-02,,https://patents.google.com/patent/US20210370416A1/en,https://patentimages.storage.googleapis.com/62/cf/00/739f8d27cbe928/US20210370416A1-20211202-D00000.png
US-2021372661-A1,Heat transfer assembly ,"Tom Richards, Inc.","Howard J. Base, Joel Rozga, Michael Frase",,2021-08-16,2021-12-02,,https://patents.google.com/patent/US20210372661A1/en,https://patentimages.storage.googleapis.com/93/33/8e/0accadf754b0bd/US20210372661A1-20211202-D00000.png
US-2021375842-A1,Packages and Methods of Forming Packages ,"Taiwan Semiconductor Manufacturing Company, Ltd.","Chen-Hua Yu, Der-Chyang Yeh, An-Jhih Su",,2021-08-16,2021-12-02,,https://patents.google.com/patent/US20210375842A1/en,https://patentimages.storage.googleapis.com/8e/f9/e4/dc55aca3e2d1b1/US20210375842A1-20211202-D00000.png
US-2021370029-A1,High-pressure balloons and methods for making them ,Timothy A.M. Chuter,Timothy A.M. Chuter,,2021-08-16,2021-12-02,,https://patents.google.com/patent/US20210370029A1/en,https://patentimages.storage.googleapis.com/47/f7/a7/82d7eb025e2428/US20210370029A1-20211202-D00000.png
US-2021370623-A1,In-situ desizing for liquid infusion processes ,Raytheon Technologies Corporation,"John D. Riehl, Charles R. Watson",,2021-08-16,2021-12-02,,https://patents.google.com/patent/US20210370623A1/en,https://patentimages.storage.googleapis.com/5f/89/c9/488d2088645296/US20210370623A1-20211202-D00000.png
US-2021369269-A1,Sutures and related medical devices ,"W. L. Gore & Associates, Inc.","Tiffany Gemetta, Rachel Radspinner, Elena Ten, Franklin C. Wetherell",,2021-08-16,2021-12-02,,https://patents.google.com/patent/US20210369269A1/en,https://patentimages.storage.googleapis.com/e1/d4/07/955a999cd315eb/US20210369269A1-20211202-D00000.png
US-2021375800-A1,Method for fabricating an integrated circuit device ,United Microelectronics Corp.,"Purakh Raj Verma, Kuo-Yuh Yang, Chia-Huei Lin, Chu-Chun Chang",,2021-08-16,2021-12-02,,https://patents.google.com/patent/US20210375800A1/en,https://patentimages.storage.googleapis.com/8f/96/3b/0ac5b875e2dd18/US20210375800A1-20211202-D00000.png
US-2021384093-A1,Integrated circuit device ,United Microelectronics Corp.,"Purakh Raj Verma, Kuo-Yuh Yang, Chia-Huei Lin, Chu-Chun Chang",,2021-08-19,2021-12-09,,https://patents.google.com/patent/US20210384093A1/en,https://patentimages.storage.googleapis.com/56/6a/42/8ff47a20cd3c2d/US20210384093A1-20211209-D00000.png
US-2021376054-A1,Semiconductor device structure with magnetic element ,"Taiwan Semiconductor Manufacturing Company, Ltd.","Chi-Cheng Chen, Wei-Li Huang, Chun-Yi Wu, Kuang-Yi Wu, Hon-Lin Huang, Chih-Hung Su, Chin-Yu Ku, Chen-Shien Chen",,2021-08-16,2021-12-02,,https://patents.google.com/patent/US20210376054A1/en,https://patentimages.storage.googleapis.com/81/23/8d/a6c9978de4e3f6/US20210376054A1-20211202-D00000.png
US-2021370242-A1,Filtration apparatus containing graphene oxide membrane ,"Via Separations, Inc.","Michelle MacLeod, Stephen Frayne, Brandon Ian MACDONALD, Lymaris ORTIZ RIVERA, Brent Keller",,2021-08-13,2021-12-02,,https://patents.google.com/patent/US20210370242A1/en,https://patentimages.storage.googleapis.com/5c/dc/74/ea92a9ee41f23c/US20210370242A1-20211202-D00000.png
US-2021370272-A1,"Doped carbonaceous materials for photocatalytic removal of pollutants under visible light, making methods and applications of same ",Board Of Trustees Of The University Of Arkansas,"Anindya Ghosh, Bijay P. CHHETRI",,2021-08-12,2021-12-02,,https://patents.google.com/patent/US20210370272A1/en,https://patentimages.storage.googleapis.com/22/f1/45/40b3298aed2a77/US20210370272A1-20211202-D00000.png
US-2021373373-A1,Display devices and method for manufacturing the same ,Innolux Corporation,"Yu-Chia Huang, Yuan-Lin WU, Chandra LIUS, Kuan-Feng LEE, Tsung-Han Tsai",,2021-08-12,2021-12-02,,https://patents.google.com/patent/US20210373373A1/en,https://patentimages.storage.googleapis.com/02/0b/21/38351291ec06e9/US20210373373A1-20211202-D00000.png
US-2021370328-A1,Fluid applicator ,Wagner Spray Tech Corporation,Brian Lee Fideler,,2021-08-12,2021-12-02,,https://patents.google.com/patent/US20210370328A1/en,https://patentimages.storage.googleapis.com/02/b6/70/15fbe14eb4a19a/US20210370328A1-20211202-D00000.png
US-2021375763-A1,Method for fabricating semiconductor device ,Nanya Technology Corporation,Tse-Yao Huang,,2021-08-10,2021-12-02,,https://patents.google.com/patent/US20210375763A1/en,https://patentimages.storage.googleapis.com/79/dc/a3/a5bfa151260fd1/US20210375763A1-20211202-D00000.png
US-2021375840-A1,IPD Modules with Flexible Connection Scheme in Packaging ,"Taiwan Semiconductor Manufacturing Co., Ltd.","Yu-Chia Lai, Cheng-chieh Hsieh, Tin-Hao Kuo, Hao-Yi Tsai, Chung-Shi Liu, Chen-Hua Yu",,2021-08-09,2021-12-02,,https://patents.google.com/patent/US20210375840A1/en,https://patentimages.storage.googleapis.com/11/1a/13/7587871d6ae2c6/US20210375840A1-20211202-D00000.png
US-2021368944-A1,Article of footwear with lacing system ,"Wolverine Outdoors, Inc.",Ian M. Cobb,,2021-08-16,2021-12-02,,https://patents.google.com/patent/US20210368944A1/en,https://patentimages.storage.googleapis.com/d6/ab/62/a76561af3bfd4a/US20210368944A1-20211202-D00000.png
US-2021379409-A1,Skin care formulations ,Mary Kay Inc.,"Dawn Burke-Colvin, Michelle Hines, David Gan",,2021-08-18,2021-12-09,,https://patents.google.com/patent/US20210379409A1/en,
US-2021375821-A1,Chip package structure with ring-like structure ,"Taiwan Semiconductor Manufacturing Company, Ltd.","Sheng-Yao YANG, Ling-Wei Li, Yu-Jui Wu, Cheng-Lin Huang, Chien-Chen Li, Lieh-Chuan Chen, Che-Jung Chu, Kuo-Chio Liu",,2021-08-05,2021-12-02,,https://patents.google.com/patent/US20210375821A1/en,https://patentimages.storage.googleapis.com/d8/25/ad/588631b2544563/US20210375821A1-20211202-D00000.png
US-2021378472-A1,Self-actuated cleaning head for an autonomous vacuum ,"Matician, Inc.","Anshuman KUMAR, Vishal Jain, Seungho YANG, Gavin Li, Mehul Nariyawala, Navneet Dalal",,2021-08-23,2021-12-09,,https://patents.google.com/patent/US20210378472A1/en,https://patentimages.storage.googleapis.com/90/75/3f/97c7f44e7aaf06/US20210378472A1-20211209-D00000.png
US-2021381412-A1,Inside-out rotating coalescer with gas exit through hollow shaft ,"Cummins Filtration Ip, Inc.","Anthony Barreteau, Christopher E. Holm, Benjamin L. Scheckel, Alain Olier",,2021-08-23,2021-12-09,,https://patents.google.com/patent/US20210381412A1/en,https://patentimages.storage.googleapis.com/c1/fd/5c/f9b7e2e0980e10/US20210381412A1-20211209-D00000.png
US-2021384120-A1,Semiconductor packages and methods of forming same ,"Taiwan Semiconductor Manufacturing Co., Ltd.","Chung-Shi Liu, Chien-Hsun Lee, Jiun Yi Wu, Hao-Cheng Hou, Hung-Jen Lin, Jung Wei Cheng, Tsung-Ding Wang, Yu-Min LIANG, Li-Wei Chou",,2021-08-23,2021-12-09,,https://patents.google.com/patent/US20210384120A1/en,https://patentimages.storage.googleapis.com/e5/24/07/c180f57aa9017a/US20210384120A1-20211209-D00000.png
US-2021379382-A1,Methods for treating the symptoms of nocturia ,"Ebt Medical, Inc.","Michael Sasha John, Paul B. Yoo",,2021-08-20,2021-12-09,,https://patents.google.com/patent/US20210379382A1/en,https://patentimages.storage.googleapis.com/87/3a/20/b6c005d187c0bc/US20210379382A1-20211209-D00000.png
US-2021378527-A1,Systems and methods for multivariate stroke detection ,"Imperative Care, Inc.","Michael Strasser, Syed Hossainy, Sangshik PARK, Kirsten Carroll",,2021-08-20,2021-12-09,,https://patents.google.com/patent/US20210378527A1/en,https://patentimages.storage.googleapis.com/4d/ed/d3/38359c8c4615ad/US20210378527A1-20211209-D00000.png
US-2021382004-A1,Capillary Electrophoresis Apparatus ,Hitachi High-Tech Corporation,"Taro Nakazawa, Motohiro Yamazaki, Kenko Uchida, Akira Fujii",,2021-08-19,2021-12-09,,https://patents.google.com/patent/US20210382004A1/en,https://patentimages.storage.googleapis.com/f4/c0/42/f97f48039fe34e/US20210382004A1-20211209-D00000.png
US-2021378691-A1,Catheter Assembly for Blood Clots Removal ,Anoxia Medical Inc.,Justin Panian,,2021-08-19,2021-12-09,,https://patents.google.com/patent/US20210378691A1/en,https://patentimages.storage.googleapis.com/d8/39/dd/516fd1b2b6a166/US20210378691A1-20211209-D00000.png
US-2021378302-A1,Apparatus for heating smokable material ,Nicoventures Trading Limited,"Michael Naughton, Mitchel THORSEN",,2021-08-25,2021-12-09,,https://patents.google.com/patent/US20210378302A1/en,https://patentimages.storage.googleapis.com/23/09/0b/f9252b32b2525f/US20210378302A1-20211209-D00000.png
US-2021376451-A1,Semiconductor devices and methods of manufacturing semiconductor devices ,Amkor Technology Singapore Holding Pte. Ltd.,"Kyoung Yeon Lee, Tae Yong Lee, Doo Soub Shin, Seon A Lee, Woo Bin JUNG, Ji Yeon Ryu, Jin Young Khim",,2021-08-18,2021-12-02,,https://patents.google.com/patent/US20210376451A1/en,https://patentimages.storage.googleapis.com/9e/c2/1d/b8cd2f23ccc0dc/US20210376451A1-20211202-D00000.png
US-2021370750-A1,Pickup cab mount pack ,Nicholas J. Singer,Nicholas J. Singer,,2021-08-17,2021-12-02,,https://patents.google.com/patent/US20210370750A1/en,https://patentimages.storage.googleapis.com/df/ff/7b/67c537a61806c8/US20210370750A1-20211202-D00000.png
US-2021375731-A1,Integrated capacitor with extended head bump bond pillar ,Texas Instruments Incorporated,Sreenivasan K. Koduri,,2021-08-17,2021-12-02,,https://patents.google.com/patent/US20210375731A1/en,https://patentimages.storage.googleapis.com/f2/1e/43/15080390127f59/US20210375731A1-20211202-D00000.png
US-2021381063-A1,Methods of treating cancer patients with farnesyltransferase inhibitors ,"Kura Oncology, Inc.","Antonio Gualberto, Catherine Rose SCHOLZ",,2021-08-17,2021-12-09,,https://patents.google.com/patent/US20210381063A1/en,https://patentimages.storage.googleapis.com/ad/e8/48/4d60dec9253468/US20210381063A1-20211209-D00001.png
US-2021361398-A1,Hand tool ,"Cherie Yvette Wink, Petra Beate Wilder Smith","Cherie Yvette Wink, Petra Beate Wilder Smith",,2021-08-05,2021-11-25,,https://patents.google.com/patent/US20210361398A1/en,https://patentimages.storage.googleapis.com/9e/aa/da/0ccbb55bab6c2a/US20210361398A1-20211125-D00000.png
US-2021370155-A1,Volleyball setter training glove ,Hannah Rose Behrmann,Hannah Rose Behrmann,,2021-08-16,2021-12-02,,https://patents.google.com/patent/US20210370155A1/en,https://patentimages.storage.googleapis.com/91/51/17/9e3f8c768179ee/US20210370155A1-20211202-D00000.png
US-2021375774-A1,Package structure ,"Taiwan Semiconductor Manufacturing Company, Ltd.","Fang-Yu Liang, Kai-Chiang Wu",,2021-08-15,2021-12-02,,https://patents.google.com/patent/US20210375774A1/en,https://patentimages.storage.googleapis.com/e5/24/96/4b025c588ccbf9/US20210375774A1-20211202-D00000.png
US-2021375019-A1,Lacrosse head with fiber reinforcement ,"Epoch Lacrosse, LLC","James Miceli, Jason Daniel, Paolo FERABOLI",,2021-08-12,2021-12-02,,https://patents.google.com/patent/US20210375019A1/en,https://patentimages.storage.googleapis.com/1e/67/62/2e5d90e274ff31/US20210375019A1-20211202-D00000.png
US-2021381387-A1,Needled ceramic matrix composite cooling passages ,Raytheon Technologies Corporation,"Tracy A. Propheter-Hinckley, Raymond C. Surace",,2021-08-18,2021-12-09,,https://patents.google.com/patent/US20210381387A1/en,https://patentimages.storage.googleapis.com/2e/ee/c6/d070be48a5ba11/US20210381387A1-20211209-D00000.png
US-2021375808-A1,Packaged semiconductor device with electroplated pillars ,Texas Instruments Incorporated,"Arvin Cedric Quiambao Mallari, Maricel Fabia Escano, Armando Tresvalles Clarina, JR., Jovenic Romero Esquejo",,2021-08-17,2021-12-02,,https://patents.google.com/patent/US20210375808A1/en,https://patentimages.storage.googleapis.com/6d/21/77/1ec1a04956b7bf/US20210375808A1-20211202-D00000.png
US-2021380492-A1,"Ceramic Matrix Composites, and Methods and Systems for Making Same ",Lancer System L.P.,"Kenneth Church, Timothy J. Edwards, Terry A. Herb, Christopher Corrado",,2021-08-23,2021-12-09,,https://patents.google.com/patent/US20210380492A1/en,https://patentimages.storage.googleapis.com/44/a6/23/c16d500889ef0d/US20210380492A1-20211209-D00001.png
US-2021378849-A1,Stent with Enhanced Low Crimping Profile ,Medinol Ltd.,"Yoram Richter, Igor BELOBROVY, Yaron DAVID, Oleg WEIZMANN",,2021-08-17,2021-12-09,,https://patents.google.com/patent/US20210378849A1/en,https://patentimages.storage.googleapis.com/ee/ff/11/bebf637ba7e422/US20210378849A1-20211209-D00000.png
US-2021369722-A1,Use of reboxetine to treat narcolepsy ,"Axsome Therapeutics, Inc.",Herriot Tabuteau,,2021-08-10,2021-12-02,,https://patents.google.com/patent/US20210369722A1/en,https://patentimages.storage.googleapis.com/1e/fb/41/23d9fc0969d034/US20210369722A1-20211202-D00000.png
US-2021369827-A1,Combination of vaccination and ox40 agonists ,Curevac Ag,"Mariola Fotin-Mleczek, Karl-Josef Kallen, Jan C. SCHMOLLINGER",,2021-08-08,2021-12-02,,https://patents.google.com/patent/US20210369827A1/en,https://patentimages.storage.googleapis.com/04/09/05/63edf9249c034e/US20210369827A1-20211202-D00001.png
US-2021369606-A1,"Treatment of endometriosis by intravaginal administration of a low dose of a selective progesterone receptor modulator (sprm), anti-progestin, or anti-progestational agent ",Arkady Rubin,Arkady Rubin,,2021-08-13,2021-12-02,,https://patents.google.com/patent/US20210369606A1/en,
US-2021371551-A1,Light curable (meth)acrylate resin composition for thermoplastic elastomers bonding ,Henkel Ag & Co. Kgaa,"Heiqiang Zhang, Chongjian Song, Zuohe Wang, Chongyang Sun",,2021-08-06,2021-12-02,,https://patents.google.com/patent/US20210371551A1/en,
US-2021384423-A1,Novel resistive random access memory device ,"Taiwan Semiconductor Manufacturing Co., Ltd.","Tsai-Hao Hung, Shih-Chi Kuo",,2021-08-18,2021-12-09,,https://patents.google.com/patent/US20210384423A1/en,https://patentimages.storage.googleapis.com/cc/57/7d/29299a31604651/US20210384423A1-20211209-D00000.png
US-2021378657-A1,Methods of making reinforced soft tissue grafts with suture loop/needle constructs ,"Arthrex, Inc.","James J. Guerra, Jacob A. Jolly, Dustin T. Libby, Thomas M. DeBerardino",,2021-08-25,2021-12-09,,https://patents.google.com/patent/US20210378657A1/en,https://patentimages.storage.googleapis.com/9f/13/37/3da96cb7634f65/US20210378657A1-20211209-D00000.png
US-2021379527-A1,Vacuum assisted air separation module operation ,Hamilton Sundstrand Corporation,"Jonathan Rheaume, Haralambos Cordatos",,2021-08-24,2021-12-09,,https://patents.google.com/patent/US20210379527A1/en,https://patentimages.storage.googleapis.com/5a/e3/76/d1f4e298c2c5e5/US20210379527A1-20211209-D00000.png
US-2021379940-A1,Wheel hub mounted vehicle data communications device incorporating a self-generating electrical power supply ,"Itire, Llc","Alan Clyde Lesesky, Samuel Duke Drinkard",,2021-08-24,2021-12-09,,https://patents.google.com/patent/US20210379940A1/en,https://patentimages.storage.googleapis.com/40/87/ae/814630b25a1518/US20210379940A1-20211209-D00000.png
US-2021385934-A1,Treatment of infectious diseases using non-thermal plasma ,"Chiscan Holdings, Llc","Bradley N. Eckert, Huan Truong, Bryon K. Eckert",,2021-08-23,2021-12-09,,https://patents.google.com/patent/US20210385934A1/en,https://patentimages.storage.googleapis.com/fa/bc/81/44fb536d6e6bea/US20210385934A1-20211209-D00000.png
US-2021385933-A1,Apparatus and methods for treatment using non-thermal plasma ,"Chiscan Holdings, Llc","Bradley N. Eckert, Huan Truong, Bryon K. Eckert",,2021-08-23,2021-12-09,,https://patents.google.com/patent/US20210385933A1/en,https://patentimages.storage.googleapis.com/02/36/5c/e42a3ea1527e01/US20210385933A1-20211209-D00000.png
US-2021384311-A1,Gate-all-around (gaa) method and devices ,"Taiwan Semiconductor Manufacturing Co., Ltd.","Shien-Yang Wu, Ta-Chun Lin, Kuo-Hua Pan",,2021-08-23,2021-12-09,,https://patents.google.com/patent/US20210384311A1/en,https://patentimages.storage.googleapis.com/38/00/47/f0ca14f592f7a2/US20210384311A1-20211209-D00000.png
US-2021379390-A1,Medical device and method for power reduction for arrhythmia detection ,"Medtronic, Inc.","Karen J. Kleckner, Wade M. Demmer, Vincent P. Ganion, Yanina Grinberg, Paul R. Solheim",,2021-08-21,2021-12-09,,https://patents.google.com/patent/US20210379390A1/en,https://patentimages.storage.googleapis.com/0d/9b/df/98a38c4930faee/US20210379390A1-20211209-D00000.png
US-2021384094-A1,Hybrid microelectronic substrates ,Intel Corporation,"Robert Starkston, Robert L. Sankman, Scott M. MOKLER, Richard Christopher Stamey, Amruthavalli Pallavi Alur",,2021-08-19,2021-12-09,,https://patents.google.com/patent/US20210384094A1/en,https://patentimages.storage.googleapis.com/2f/d8/b3/db73457c6f134e/US20210384094A1-20211209-D00000.png
US-2021384125-A1,Method for forming package structure ,"Taiwan Semiconductor Manufacturing Company, Ltd.","Po-Hao Tsai, Techi WONG, Meng-Liang Lin, Yi-Wen WU, Po-Yao Chuang, Shin-puu Jeng",,2021-08-18,2021-12-09,,https://patents.google.com/patent/US20210384125A1/en,https://patentimages.storage.googleapis.com/55/ba/9f/0a18a5e157460f/US20210384125A1-20211209-D00000.png
US-2021379364-A1,Substernal placement of a pacing and/or defibrillating electrode ,"Cameron Health, Inc.","G. Shantanu Reddy, Bruce A. Tockman",,2021-08-18,2021-12-09,,https://patents.google.com/patent/US20210379364A1/en,https://patentimages.storage.googleapis.com/ce/1a/fa/6c396bf26eeccc/US20210379364A1-20211209-D00000.png
US-2021378672-A1,Tissue anchor for securing tissue layers ,"Boston Scientific Scimed, Inc.","Fiona M. Sander, Michael P. Allen, Mattew Yurek, Kenneth F. Binmoeller",,2021-08-26,2021-12-09,,https://patents.google.com/patent/US20210378672A1/en,https://patentimages.storage.googleapis.com/e7/70/08/3174ab4e3ffc8f/US20210378672A1-20211209-D00000.png
US-2021381108-A1,Situ tailoring of material properties in 3d printed electronics ,Universities Space Research Association,"Ramprasad Gandhiraman, Meyya Meyyappan, Jessica E. Koehne",,2021-08-18,2021-12-09,,https://patents.google.com/patent/US20210381108A1/en,https://patentimages.storage.googleapis.com/88/b6/69/bd4882ffbb5261/US20210381108A1-20211209-D00000.png
US-2021379436-A1,Exercise machine with pancake motor ,"Tonal Systems, Inc.","Aly E. Orady, Michael Valente",,2021-08-18,2021-12-09,,https://patents.google.com/patent/US20210379436A1/en,https://patentimages.storage.googleapis.com/dd/3f/39/9eec023ba9d088/US20210379436A1-20211209-D00000.png
US-2021380413-A1,Applying micron diameter yarns ,"Lintec Of America, Inc.","Julia Bykova, Marcio D. Lima",,2021-08-16,2021-12-09,,https://patents.google.com/patent/US20210380413A1/en,https://patentimages.storage.googleapis.com/08/71/03/5dabf479ed97a7/US20210380413A1-20211209-D00000.png
US-2021375724-A1,Package structure ,"Taiwan Semiconductor Manufacturing Company, Ltd.","Tung-Liang Shao, Wen-Lin Shih, Su-Chun YANG, Chih-Hang Tung, Chen-Hua Yu",,2021-08-16,2021-12-02,,https://patents.google.com/patent/US20210375724A1/en,https://patentimages.storage.googleapis.com/39/15/0e/92b58b3d1ec69b/US20210375724A1-20211202-D00000.png
US-2021372050-A1,Deckle board system with a slotless deckle seal strip ,Ibs Of America,"Andrew Forester, Joshua N. Kruger",,2021-08-16,2021-12-02,,https://patents.google.com/patent/US20210372050A1/en,https://patentimages.storage.googleapis.com/6d/09/29/a684c12a721b26/US20210372050A1-20211202-D00000.png
US-2021375796-A1,Semiconductor arrangement and method of making ,Taiwan Semiconductor Manufacturing Company Limited,Chien-Hsuan Liu,,2021-08-16,2021-12-02,,https://patents.google.com/patent/US20210375796A1/en,https://patentimages.storage.googleapis.com/f0/41/05/6b1035d1a85b84/US20210375796A1-20211202-D00000.png
US-2021375775-A1,Fan-Out Package Having a Main Die and a Dummy Die ,"Taiwan Semiconductor Manufacturing Co., Ltd.","Yan-Fu Lin, Chen-Hua Yu, Meng-Tsan Lee, Wei-Cheng Wu, Hsien-Wei Chen",,2021-08-16,2021-12-02,,https://patents.google.com/patent/US20210375775A1/en,https://patentimages.storage.googleapis.com/4b/a5/80/1861a00d5c3718/US20210375775A1-20211202-D00000.png
US-2021379448-A1,Self-rescue swim fin belt ,Charles Ryan O'Neill,Charles Ryan O'Neill,,2021-08-15,2021-12-09,,https://patents.google.com/patent/US20210379448A1/en,https://patentimages.storage.googleapis.com/af/bf/53/140e670802206e/US20210379448A1-20211209-D00000.png
US-2021369784-A1,Immunocompatible amniotic membrane products ,"Osiris Therapeutics, Inc.","Samson Tom, Alla Danilkovitch, Dana Yoo, Timothy Jansen, Jin-Qiang Kuang, Jennifer Michelle Marconi",,2021-08-13,2021-12-02,,https://patents.google.com/patent/US20210369784A1/en,https://patentimages.storage.googleapis.com/c9/d7/4f/8fd6fbc4e23573/US20210369784A1-20211202-D00001.png
US-2021376092-A1,Semiconductor device and manufacturing method thereof ,"Taiwan Semiconductor Manufacturing Co., Ltd.","Li-Zhen YU, Chia-Hao Chang, Cheng-Chi Chuang, Yu-Ming Lin, Chih-Hao Wang",,2021-08-13,2021-12-02,,https://patents.google.com/patent/US20210376092A1/en,https://patentimages.storage.googleapis.com/ee/a8/3c/7358d945fc5014/US20210376092A1-20211202-D00000.png
US-2021369123-A1,Implantable wireless pressure sensor and method of manufacture ,"St. Jude Medical Luxembourg Holdings Ii S.A.R.L. (""Sjm Lux 11"")","Florent Cros, David O'Brien, Michael Fonseca, Matthew Abercrombie, Jin Woo Park, Angad Singh",,2021-08-13,2021-12-02,,https://patents.google.com/patent/US20210369123A1/en,https://patentimages.storage.googleapis.com/94/72/1b/32e0a534d93e40/US20210369123A1-20211202-D00000.png
US-2021375789-A1,Methods of Manufacturing An Integrated Circuit Having Stress Tuning Layer ,"Taiwan Semiconductor Manufacturing Co., Ltd.","Shin-puu Jeng, Clinton Chao, Szu-Wei Lu",,2021-08-13,2021-12-02,,https://patents.google.com/patent/US20210375789A1/en,https://patentimages.storage.googleapis.com/a2/05/1e/557bb27041e2e7/US20210375789A1-20211202-D00000.png
US-2021369090-A1,Flexible endoscopic support system ,Cook Medical Technologies Llc,"Vihar C. Surti, John C. Sigmon, JR., William S. Gibbons, Jr.",,2021-08-12,2021-12-02,,https://patents.google.com/patent/US20210369090A1/en,https://patentimages.storage.googleapis.com/ad/88/3d/40ee33015e833f/US20210369090A1-20211202-D00000.png
US-2021368866-A1,Apparatus for receiving smokable material ,Nicoventures Trading Limited,"Mitchel THORSON, John Clay MEHNERT",,2021-08-12,2021-12-02,,https://patents.google.com/patent/US20210368866A1/en,https://patentimages.storage.googleapis.com/27/6b/d6/8c7b2006954f87/US20210368866A1-20211202-D00000.png
US-2021375755-A1,Semiconductor package with improved interposer structure ,"Taiwan Semiconductor Manufacturing Company, Ltd.","Yi-Wen WU, Techi WONG, Po-Hao Tsai, Po-Yao Chuang, Shih-Ting Hung, Shin-puu Jeng",,2021-08-12,2021-12-02,,https://patents.google.com/patent/US20210375755A1/en,https://patentimages.storage.googleapis.com/6b/f5/77/5dc8574c37b3d1/US20210375755A1-20211202-D00000.png
US-2021372044-A1,Methods for controlling color during a metallization process and resulting products ,"Noble Biomaterials, Inc.","Bennett Fisher, Carl Jones, Jodi Wallis, Dino Aimino, Thomas Dougal, Greg Gianforcaro, David Curry",,2021-08-12,2021-12-02,,https://patents.google.com/patent/US20210372044A1/en,https://patentimages.storage.googleapis.com/71/66/7a/73bacdf51f022c/US20210372044A1-20211202-D00000.png
US-2021370101-A1,Flash proton therapy apparatus and method of use thereof ,"Susan L. Michaud, Daniel J. Raymond","Susan L. Michaud, Daniel J. Raymond",,2021-08-11,2021-12-02,,https://patents.google.com/patent/US20210370101A1/en,https://patentimages.storage.googleapis.com/2c/2f/56/7729a04ad43dc4/US20210370101A1-20211202-D00000.png
US-2021376641-A1,Power system for high temperature applications with rechargeable energy storage ,Fastcap Systems Corporation,"John J. Cooley, Riccardo Signorelli, Morris Green, Padmanaban Sasthan Kuttipillai, Christopher John Sibbald Deane, Lindsay A. Wilhelmus",,2021-08-10,2021-12-02,,https://patents.google.com/patent/US20210376641A1/en,https://patentimages.storage.googleapis.com/52/67/ff/8d1b5bccf61bdf/US20210376641A1-20211202-D00000.png
US-2021375769-A1,Package structure ,"Taiwan Semiconductor Manufacturing Company, Ltd.","Chih-Kai Cheng, Tsung-Shu Lin, Tsung-Yu Chen, Hsien-Pin Hu, Wen-Hsin Wei",,2021-08-09,2021-12-02,,https://patents.google.com/patent/US20210375769A1/en,https://patentimages.storage.googleapis.com/46/07/f8/f289a80dceda77/US20210375769A1-20211202-D00000.png
US-2021378376-A1,Systems and methods for a compressible pouch ,Poketins Llc,Isabel Kuri Tanus,,2021-08-19,2021-12-09,,https://patents.google.com/patent/US20210378376A1/en,https://patentimages.storage.googleapis.com/cf/b0/d4/fee58b932c2a39/US20210378376A1-20211209-D00000.png
US-2021384325-A1,Semiconductor device and method for manufacturing the same ,"Taiwan Semiconductor Manufacturing Co., Ltd.","Jung-Hao CHANG, Li-Te Lin",,2021-08-25,2021-12-09,,https://patents.google.com/patent/US20210384325A1/en,https://patentimages.storage.googleapis.com/9a/36/6f/b8e815c4c7c8ef/US20210384325A1-20211209-D00000.png
US-2021379347-A1,"Method of producing substances with supersaturated gas, transdermal delivery device thereof, and uses thereof ","Circularity Healthcare, LLC",Norbert Kiss,,2021-08-25,2021-12-09,,https://patents.google.com/patent/US20210379347A1/en,https://patentimages.storage.googleapis.com/79/31/26/54501acd2cc411/US20210379347A1-20211209-D00000.png
US-2021382220-A1,Lighting device ,Innolux Corporation,"Hsiao-Lang Lin, Tsung-Han Tsai",,2021-08-25,2021-12-09,,https://patents.google.com/patent/US20210382220A1/en,https://patentimages.storage.googleapis.com/6d/78/7a/1f43a01a579aa6/US20210382220A1-20211209-D00000.png
US-2021378680-A1,Micro-Macro Endovascular Occlusion Device and Methodology ,John S. DeMeritt,John S. DeMeritt,,2021-08-25,2021-12-09,,https://patents.google.com/patent/US20210378680A1/en,https://patentimages.storage.googleapis.com/1d/9e/ec/b4e1109de78c7c/US20210378680A1-20211209-D00000.png
US-2021378635-A1,"Ultrasound transducer, ultrasound endoscope, and manufacturing method of ultrasound transducer ",Olympus Corporation,Yuya KUMATA,,2021-08-24,2021-12-09,,https://patents.google.com/patent/US20210378635A1/en,https://patentimages.storage.googleapis.com/d1/44/32/833ca80e38df34/US20210378635A1-20211209-D00000.png
US-2021379385-A1,System and method for determining a stimulation threshold for closed loop spinal cord stimulation ,"Pacesetter, Inc.","Wenbo Hou, Fujian Qu, Stuart Rosenberg, Kyungmoo Ryu",,2021-08-24,2021-12-09,,https://patents.google.com/patent/US20210379385A1/en,https://patentimages.storage.googleapis.com/64/95/c6/b36b6bcdfb3ad5/US20210379385A1-20211209-D00000.png
US-2021383723-A1,Simulated tissue structures and methods ,Applied Medical Resources Corporation,Gregory K. Hofstetter,,2021-08-24,2021-12-09,,https://patents.google.com/patent/US20210383723A1/en,https://patentimages.storage.googleapis.com/b3/3e/1b/28cd3b9ba0b652/US20210383723A1-20211209-D00000.png
US-2021381632-A1,Joint restraint device ,"Mueller International, Llc",Aurelian Ioan Furcoiu,,2021-08-24,2021-12-09,,https://patents.google.com/patent/US20210381632A1/en,https://patentimages.storage.googleapis.com/75/80/a7/6c0997a139287b/US20210381632A1-20211209-D00000.png
US-2021384350-A1,Gate Structure and Method with Enhanced Gate Contact and Threshold Voltage ,"Taiwan Semiconductor Manufacturing Co., Ltd.","Max Liu, Yen-Ming Peng, Wei-Shuo HO",,2021-08-24,2021-12-09,,https://patents.google.com/patent/US20210384350A1/en,https://patentimages.storage.googleapis.com/8c/e2/53/f10522251ae035/US20210384350A1-20211209-D00000.png
US-2021378848-A1,Stent having adjacent elements connected by narrow flexible webs ,"W. L. Gore & Associates, Inc.","Ryan D. Kariniemi, Jeffrey J. Kustusch, Mark J. Ulm",,2021-08-24,2021-12-09,,https://patents.google.com/patent/US20210378848A1/en,https://patentimages.storage.googleapis.com/29/cf/55/8de767df8889b2/US20210378848A1-20211209-D00000.png
US-2021380064-A1,"Apparatus, system and method for repositioning occupant in a crash event ",Schroth Safety Products Llc,Patrick Akoma,,2021-08-23,2021-12-09,,https://patents.google.com/patent/US20210380064A1/en,https://patentimages.storage.googleapis.com/29/02/ea/a77f89796c3cf2/US20210380064A1-20211209-D00000.png
US-2021384152-A1,Semiconductor device with conductive pad ,"Taiwan Semiconductor Manufacturing Company, Ltd.","Chen-En Yen, Chin-Wei Kang, Kai-Jun Zhan, Wen-Hsiung LU, Cheng-Jen Lin, Ming-Da Cheng, Mirng-Ji Lii",,2021-08-23,2021-12-09,,https://patents.google.com/patent/US20210384152A1/en,https://patentimages.storage.googleapis.com/28/79/c7/e9c48ff6b49be4/US20210384152A1-20211209-D00000.png
US-2021379299-A1,"Infusion Pump Apparatus, Method and System ",Deka Products Limited Partnership,"Dean Kamen, John M. Kerwin, David Blumberg, Jr., Kevin A. Durand, Gregory R. Lanier, JR., Gerald M. Guay, Colin H. Murphy, Bob D. Peret",,2021-08-23,2021-12-09,,https://patents.google.com/patent/US20210379299A1/en,https://patentimages.storage.googleapis.com/7f/37/1d/0170aa8d740d79/US20210379299A1-20211209-D00000.png
US-2021379439-A1,Weighted Training Equipment ,"Caxy Sports, Llc",Thomas J. Langston,,2021-08-23,2021-12-09,,https://patents.google.com/patent/US20210379439A1/en,https://patentimages.storage.googleapis.com/b1/84/15/a0f900d7587747/US20210379439A1-20211209-D00000.png
US-2021378695-A1,Devices and methods for removal of acute blockages from blood vessels ,Neuravi Limited,"David Vale, Eamon Brady, Michael Gilvarry, David HARDIMAN, Brendan Casey",,2021-08-23,2021-12-09,,https://patents.google.com/patent/US20210378695A1/en,https://patentimages.storage.googleapis.com/e2/e3/73/dc5ea38debe37c/US20210378695A1-20211209-D00000.png
US-2021384640-A1,Lens-Enhanced Communication Device ,Movandi Corporation,"Ahmadreza Rofougaran, Alfred Grau Besoli, Seunghwan Yoon, Farid SHIRINFAR, Sam Gharavi, Michael BOERS, Maryam Rofougaran, Enver Adas, Kartik Sridharan",,2021-08-23,2021-12-09,,https://patents.google.com/patent/US20210384640A1/en,https://patentimages.storage.googleapis.com/97/21/cd/32555008974cc0/US20210384640A1-20211209-D00000.png
US-2021384639-A1,Lens-Enhanced Communication Device ,Movandi Corporation,"Ahmadreza Rofougaran, Alfred Grau Besoli, Seunghwan Yoon, Farid SHIRINFAR, Sam Gharavi, Michael BOERS, Maryam Rofougaran, Enver Adas, Kartik Sridharan",,2021-08-23,2021-12-09,,https://patents.google.com/patent/US20210384639A1/en,https://patentimages.storage.googleapis.com/c0/d0/4b/66e9005f28800c/US20210384639A1-20211209-D00000.png
US-2021378522-A1,Patient monitoring system ,Masimo Corporation,"Marcelo M. Lamego, Massi Joe E. Kiani, Jeroen Poeze, Cristiano Dalvi, Hung Vo",,2021-08-23,2021-12-09,,https://patents.google.com/patent/US20210378522A1/en,https://patentimages.storage.googleapis.com/41/b0/38/be1e76cb8ec4bc/US20210378522A1-20211209-D00000.png
US-2021382414-A1,Method and apparatus of decorating a metallic container by digital printing to a transfer blanket ,Ball Corporation,Adam P.S. Stowitts,,2021-08-23,2021-12-09,,https://patents.google.com/patent/US20210382414A1/en,https://patentimages.storage.googleapis.com/b6/79/a7/8a5a1dcd58c5ff/US20210382414A1-20211209-D00000.png
US-2021384054-A1,Electromigration evaluation methodology with consideration of thermal and signal effects ,"Taiwan Semiconductor Manufacturing Company, Ltd.","Hsien Yu TSENG, Sheng-Feng Liu",,2021-08-20,2021-12-09,,https://patents.google.com/patent/US20210384054A1/en,https://patentimages.storage.googleapis.com/da/2b/f2/12a2ff1e4d05a0/US20210384054A1-20211209-D00000.png
US-2021382090-A1,Sensors with discrete capacitors for high voltage separable connectors ,3M Innovative Properties Company,"Jaylon D. Loyd, Christopher R. Wilson, Carl J. Wentzel",,2021-08-20,2021-12-09,,https://patents.google.com/patent/US20210382090A1/en,https://patentimages.storage.googleapis.com/a6/6e/f2/0c365e70f12ddd/US20210382090A1-20211209-D00000.png
US-2021378679-A1,Percutaneous catheter directed intravascular occlusion devices ,"St. Jude Medical, Cardiology Division, Inc.","Kurt Amplatz, John C. Oslund, Xiaoping Gu, Matt Glimsdale, Daniel O. Adams",,2021-08-20,2021-12-09,,https://patents.google.com/patent/US20210378679A1/en,https://patentimages.storage.googleapis.com/21/8b/4a/f26958672e400f/US20210378679A1-20211209-D00000.png
US-2021381637-A1,Stent for repairing a pipe ,"Mueller International, Llc",Aurelian Ioan Furcoiu,,2021-08-20,2021-12-09,,https://patents.google.com/patent/US20210381637A1/en,https://patentimages.storage.googleapis.com/45/1e/06/aba846299cd5b0/US20210381637A1-20211209-D00000.png
US-2021378645-A1,Percutaneous catheter directed intravascular occlusion devices ,"St. Jude Medical, Cardiology Division, Inc.","Kurt Amplatz, Xiaoping Gu, John C. Oslund",,2021-08-20,2021-12-09,,https://patents.google.com/patent/US20210378645A1/en,https://patentimages.storage.googleapis.com/7f/94/d9/0a5cbc60801545/US20210378645A1-20211209-D00000.png
US-2021381621-A1,Backflow testing device ,Arbiter Incorporated,"Demian Mendez, Adolfo Jose Wurts",,2021-08-20,2021-12-09,,https://patents.google.com/patent/US20210381621A1/en,https://patentimages.storage.googleapis.com/e7/c3/c0/f03a42df1e11b4/US20210381621A1-20211209-D00000.png
US-2021380746-A1,In-situ alkylphenol-aldehyde resins ,"Si Group, Inc.","Timothy Edward Banach, John Morgan Whitney, Jeffrey M. Hiscock, Todd Scott Makenzie, Gennaro Barbiero",,2021-08-20,2021-12-09,,https://patents.google.com/patent/US20210380746A1/en,https://patentimages.storage.googleapis.com/12/48/fd/9b21d82c07fad4/US20210380746A1-20211209-D00001.png
US-2021381228-A1,Panelized structural building system ,"Cover Technologies, Inc.","Alexis Xavier Rivas, Connor Holjes, Craig Derian, Jemuel Joseph, Jose Morales, Thomas Heyer, Zachary Winoker",,2021-08-20,2021-12-09,,https://patents.google.com/patent/US20210381228A1/en,https://patentimages.storage.googleapis.com/20/7a/eb/803057eb950210/US20210381228A1-20211209-D00000.png
US-2021378518-A1,"Devices, Methods, and Systems for Fluorescence-Based Imaging and Detection of Location(s) and/or Source(s) of Potential Contamination and/or Pollution ",University Health Network,"Ralph S. DaCosta, Brian C. Wilson, Kai Zhang",,2021-08-20,2021-12-09,,https://patents.google.com/patent/US20210378518A1/en,https://patentimages.storage.googleapis.com/91/56/9e/085e39a46951a4/US20210378518A1-20211209-D00000.png
US-2021384327-A1,Structure and Method for Vertical Tunneling Field Effect Transistor with Leveled Source and Drain ,"Taiwan Semiconductor Manufacturing Company, Ltd.","Harry-Hak-Lay Chuang, Yi-Ren CHEN, Chi-Wen Liu, Chao-Hsiung Wang, Ming Zhu",,2021-08-19,2021-12-09,,https://patents.google.com/patent/US20210384327A1/en,https://patentimages.storage.googleapis.com/b5/53/ed/fa2068fd52c618/US20210384327A1-20211209-D00000.png
US-2021378383-A1,Brush integrated capsule with film-forming polymer for nail polishing ,Nailomatic Ltd.,"Avichay MOR YOSEF, Ron Miller, Omri MORAN",,2021-08-19,2021-12-09,,https://patents.google.com/patent/US20210378383A1/en,https://patentimages.storage.googleapis.com/c2/07/a7/b37cf84b2c4af7/US20210378383A1-20211209-D00000.png
US-2021384607-A1,Compact storable extendible member reflector ,"Eagle Technology, Llc","Robert M. Taylor, Philip J. Henderson",,2021-08-25,2021-12-09,,https://patents.google.com/patent/US20210384607A1/en,https://patentimages.storage.googleapis.com/66/84/89/4319906fb17998/US20210384607A1-20211209-D00000.png
US-2021378480-A1,Motorized floor mop ,Bissell Inc.,"Junfeng Ding, Jianjun Ge, Alan J. Krebs",,2021-08-19,2021-12-09,,https://patents.google.com/patent/US20210378480A1/en,https://patentimages.storage.googleapis.com/dc/4a/b3/994a6ec0778dca/US20210378480A1-20211209-D00000.png
US-2021381726-A1,Electrocaloric heat transfer system ,Carrier Corporation,"Mikhail B. Gorbounov, Parmesh Verma, Subramanyaravi Annapragada, Andrzej E. Kuczek, Matthew E. Lynch, Andrew Smeltz, Neal R. Herring, Ulf J. Jonsson, Thomas D. Radcliff",,2021-08-19,2021-12-09,,https://patents.google.com/patent/US20210381726A1/en,https://patentimages.storage.googleapis.com/65/ae/58/f31c59334a99c7/US20210381726A1-20211209-D00000.png
US-2021379238-A1,Hemostatic devices ,"Z-Medica, Llc","Raymond J. Huey, Denny Lo, Daniel J. Burns, Giacomo Basadonna, Francis X. Hursey",,2021-08-19,2021-12-09,,https://patents.google.com/patent/US20210379238A1/en,https://patentimages.storage.googleapis.com/76/df/57/b58a1807184513/US20210379238A1-20211209-D00000.png
US-2021378816-A1,"Ophthalmic devices, system and methods that improve peripheral vision ",Amo Groningen B.V.,"Robert Rosén, Theophilus Bogaert",,2021-08-19,2021-12-09,,https://patents.google.com/patent/US20210378816A1/en,https://patentimages.storage.googleapis.com/03/6c/3b/026a42686a273f/US20210378816A1-20211209-D00000.png
US-2021378714-A1,Locking coupler device for spine alignment ,"Globus Medical, Inc.",Kurt Faulhaber,,2021-08-19,2021-12-09,,https://patents.google.com/patent/US20210378714A1/en,https://patentimages.storage.googleapis.com/a8/66/ed/a35bc41029399f/US20210378714A1-20211209-D00000.png
US-2021384164-A1,"Stacking structure, package structure and method of fabricating the same ","Taiwan Semiconductor Manufacturing Company, Ltd.","Ming-Fa Chen, Sung-Feng Yeh, Tzuan-Horng LIU, Chao-Wen Shih",,2021-08-19,2021-12-09,,https://patents.google.com/patent/US20210384164A1/en,https://patentimages.storage.googleapis.com/f2/a4/b9/c902b74c24dfaf/US20210384164A1-20211209-D00000.png
US-2021384401-A1,Reducing parasitic capacitance and coupling to inductive coupler modes ,Google Llc,Anthony Edward Megrant,,2021-08-18,2021-12-09,,https://patents.google.com/patent/US20210384401A1/en,https://patentimages.storage.googleapis.com/3d/17/12/0671f086347fad/US20210384401A1-20211209-D00000.png
US-2021384389-A1,Displays with unpatterned layers of light-absorbing material ,X Display Company Technology Limited,"Glenn Arne Rinne, Christopher Andrew Bower, Matthew Alexander Meitl, Ronald S. Cok",,2021-08-18,2021-12-09,,https://patents.google.com/patent/US20210384389A1/en,https://patentimages.storage.googleapis.com/95/4a/c0/d4200d483953b2/US20210384389A1-20211209-D00000.png
US-2021381335-A1,Dissolvable Diversion Package and Method of Use ,"Workover Solutions, Inc.",Carl Andrew Rosenholm,,2021-08-18,2021-12-09,,https://patents.google.com/patent/US20210381335A1/en,https://patentimages.storage.googleapis.com/6f/00/71/656a8038d3bd3a/US20210381335A1-20211209-D00000.png
US-2021378361-A1,Article of footwear incorporating a forefoot toe wrap ,"Nike, Inc.","Adrian Meir, James Molyneux",,2021-08-18,2021-12-09,,https://patents.google.com/patent/US20210378361A1/en,https://patentimages.storage.googleapis.com/c4/92/26/138f188f239027/US20210378361A1-20211209-D00000.png
US-2021370304-A1,Air-matrix digital microfluidics apparatuses and methods for limiting evaporation and surface fouling ,Miroculus Inc.,"Mais J. Jebrail, Irena Barbulovic-Nad, Lorenzo GUTIERREZ, Foteini CHRISTODOULOU",,2021-08-18,2021-12-02,,https://patents.google.com/patent/US20210370304A1/en,https://patentimages.storage.googleapis.com/84/87/d8/597701ab30853f/US20210370304A1-20211202-D00000.png
US-2021378994-A1,Multidrug pain management package ,"Algia Pharma, Llc","David L. Steinberg, Joseph Loskove, Hannah Thompson",,2021-08-18,2021-12-09,,https://patents.google.com/patent/US20210378994A1/en,https://patentimages.storage.googleapis.com/f5/94/11/b01a4c962752b5/US20210378994A1-20211209-D00000.png
US-2021379589-A1,Microfluidic Chip For Analysis Of Cell Motility And Methods For Using Same ,"The Johns Hopkins University, University Of Maryland, Baltimore","Konstantinos Konstantopoulos, Collin Dowlin Paul, Alfredo Quinones-Hinojosa, Alkaterini Kontrogianni-Konstantopoulos",,2021-08-18,2021-12-09,,https://patents.google.com/patent/US20210379589A1/en,https://patentimages.storage.googleapis.com/c4/71/b1/20e4fc3a45f175/US20210379589A1-20211209-D00001.png
US-2021384290-A1,Devices with a single metal layer ,X Display Company Technology Limited,"Christopher Bower, Matthew Meitl, Carl Prevatte, Ronald S. Cok",,2021-08-18,2021-12-09,,https://patents.google.com/patent/US20210384290A1/en,https://patentimages.storage.googleapis.com/86/d4/65/278ddc217da81a/US20210384290A1-20211209-D00000.png
US-2021381987-A1,Branched-chain amines in electrochemiluminescence detection ,"Roche Diagnostics Operations, Inc.","Hans-Peter Josel, Herbert Andres, Michaela Windfuhr, Oliver Larbolette, Stefan Quint",,2021-08-18,2021-12-09,,https://patents.google.com/patent/US20210381987A1/en,https://patentimages.storage.googleapis.com/5b/16/87/81e56e84bb3fbe/US20210381987A1-20211209-D00000.png
US-2021378538-A1,"Device, system and method for monitoring a surgical site ",Mor Research Applications Ltd,"Matan BEN DAVID, Amir Kraitzer",,2021-08-18,2021-12-09,,https://patents.google.com/patent/US20210378538A1/en,https://patentimages.storage.googleapis.com/56/92/be/f1f9243daa8711/US20210378538A1-20211209-D00000.png
US-2021384402-A1,Reducing parasitic capacitance and coupling to inductive coupler modes ,Google Llc,Anthony Edward Megrant,,2021-08-18,2021-12-09,,https://patents.google.com/patent/US20210384402A1/en,https://patentimages.storage.googleapis.com/6a/46/38/79330948b4bb1f/US20210384402A1-20211209-D00000.png
US-2021375706-A1,Semiconductor device package ,"Advanced Semiconductor Engineering, Inc.","Hao-Chih HSIEH, Tun-Ching PI, Sung-Hung CHIANG, Yu-Chang Chen",,2021-08-17,2021-12-02,,https://patents.google.com/patent/US20210375706A1/en,https://patentimages.storage.googleapis.com/f7/c2/96/d6272b28bfcf97/US20210375706A1-20211202-D00000.png
US-2021369331-A1,Surgical instrument with switch activation control ,Covidien Lp,Tony Moua,,2021-08-17,2021-12-02,,https://patents.google.com/patent/US20210369331A1/en,https://patentimages.storage.googleapis.com/4e/3c/53/86182fc60465d0/US20210369331A1-20211202-D00000.png
US-2021371797-A1,Methods and devices for electroporation ,Jian Chen,Jian Chen,,2021-08-17,2021-12-02,,https://patents.google.com/patent/US20210371797A1/en,https://patentimages.storage.googleapis.com/e4/f0/28/9c7f22aab63982/US20210371797A1-20211202-D00000.png
US-2021378698-A1,Device and methods for treating paranasal sinus conditions ,"Intersect Ent, Inc.","Donald J. Eaton, Thomas R. Tice, David B. Downie, Patrick A. Arensdorf, Rodney A. Brenneman, Danielle L. Clay",,2021-08-17,2021-12-09,,https://patents.google.com/patent/US20210378698A1/en,https://patentimages.storage.googleapis.com/ac/1e/83/a0c26773114d8e/US20210378698A1-20211209-D00000.png
US-2021371343-A1,Ash-containing concrete composition ,King Fahd University Of Petroleum And Minerals,"Babatunde Abiodun SALAMI, Megat Azmi Megat JOHARI, Mohammed Maslehuddin, Zainal Arifin AHMAD",,2021-08-17,2021-12-02,,https://patents.google.com/patent/US20210371343A1/en,https://patentimages.storage.googleapis.com/5f/53/2f/d4ea790eff6c5b/US20210371343A1-20211202-D00001.png
US-2021371312-A1,Integration of fermentation and gasification ,"Lanzatech, Inc.","Robert John Conrado, Allan Haiming Gao",,2021-08-16,2021-12-02,,https://patents.google.com/patent/US20210371312A1/en,https://patentimages.storage.googleapis.com/4c/ff/34/d6a88df07e36d3/US20210371312A1-20211202-D00000.png
US-2021371342-A1,Curable concrete composition containing palm ash ,King Fahd University Of Petroleum And Minerals,"Babatunde Abiodun SALAMI, Megat Azmi Megat JOHARI, Mohammed Maslehuddin, Zainal Arifin AHMAD",,2021-08-16,2021-12-02,,https://patents.google.com/patent/US20210371342A1/en,https://patentimages.storage.googleapis.com/2f/c5/77/dabc8ba65bb272/US20210371342A1-20211202-D00001.png
US-2021370315-A1,Apparatus and methods for processing magnetic particles ,Siemens Healthcare Diagnostics Inc.,"Oleg Grebenyuk, John Raymond, Gary Boys",,2021-08-16,2021-12-02,,https://patents.google.com/patent/US20210370315A1/en,https://patentimages.storage.googleapis.com/21/23/ed/a28496994526cd/US20210370315A1-20211202-D00000.png
US-2021370069-A1,Implantable Stimulator with Embedded Receiver Relay ,Micron Medical Llc,"Benjamin Speck, Graham Patrick Greene",,2021-08-16,2021-12-02,,https://patents.google.com/patent/US20210370069A1/en,https://patentimages.storage.googleapis.com/10/84/6f/279a64f7f87334/US20210370069A1-20211202-D00000.png
US-2021375756-A1,Methods of Forming Interconnect Structures in Semiconductor Fabrication ,"Taiwan Semiconductor Manufacturing Co., Ltd.","Ming-Han Lee, Shau-Lin Shue",,2021-08-16,2021-12-02,,https://patents.google.com/patent/US20210375756A1/en,https://patentimages.storage.googleapis.com/ec/e5/8c/1f36c70ada66c9/US20210375756A1-20211202-D00000.png
US-2021373006-A1,Automated solid phase extraction using filter tips ,"DPX Technologies, LLC","William E. Brewer, Kaylee R. MASTRIANNI",,2021-08-16,2021-12-02,,https://patents.google.com/patent/US20210373006A1/en,https://patentimages.storage.googleapis.com/11/99/3e/9a5b26240c47b3/US20210373006A1-20211202-D00000.png
US-2021380485-A1,Concrete composition containing palm oil fuel ash ,King Fahd University Of Petroleum And Minerals,"Babatunde Abiodun SALAMI, Megat Azmi Megat JOHARI, Mohammed Maslehuddin, Zainal Arifin AHMAD",,2021-08-16,2021-12-09,,https://patents.google.com/patent/US20210380485A1/en,https://patentimages.storage.googleapis.com/7e/ed/61/4a3d315076f86a/US20210380485A1-20211209-D00001.png
US-2021379191-A1,"Mitochondrially Targeted PARP Inhibitor, and Uses Thereof ",University Of Pittsburgh - Of The Commonwealth System Of Higher Education,"Hulya Bayir, Peter Wipf, Tanja Krainz, Robert Clark",,2021-08-16,2021-12-09,,https://patents.google.com/patent/US20210379191A1/en,https://patentimages.storage.googleapis.com/c0/cb/47/4df5ff2ecbb099/US20210379191A1-20211209-D00000.png
US-2021370601-A1,Techniques for integrated preheating and coating of powder material in additive fabrication and related systems and methods ,"Formlabs, Inc.","Eduardo Torrealba, Steven Thomas, Christopher Auld",,2021-08-16,2021-12-02,,https://patents.google.com/patent/US20210370601A1/en,https://patentimages.storage.googleapis.com/1d/23/73/795ca47bf7fe7a/US20210370601A1-20211202-D00000.png
US-2021375656-A1,Method and Apparatus to Increase Transfer Speed of Semiconductor Devices With Micro-Adjustment ,"Rohinni, LLC","Andrew Huska, Justin Wendt, Luke Dupin, Cody Peterson",,2021-08-16,2021-12-02,,https://patents.google.com/patent/US20210375656A1/en,https://patentimages.storage.googleapis.com/8a/c2/ad/7b6619541b77cb/US20210375656A1-20211202-D00000.png
US-2021375717-A1,Heat dissipation structures ,"Taiwan Semiconductor Manufacturing Co., Ltd.","Po-Hsiang Huang, Chin-Chou Liu, Chin-Her Chien, Fong-Yuan Chang, Hui Yu Lee",,2021-08-16,2021-12-02,,https://patents.google.com/patent/US20210375717A1/en,https://patentimages.storage.googleapis.com/0d/dd/56/bb961fd68a7061/US20210375717A1-20211202-D00000.png
US-2021371183-A1,System and method of storing produce ,"Mission Produce, Inc.",Charles Nelson,,2021-08-16,2021-12-02,,https://patents.google.com/patent/US20210371183A1/en,https://patentimages.storage.googleapis.com/09/44/30/b37a5b4869f4b3/US20210371183A1-20211202-D00000.png
US-2021376149-A1,Transistor Structure and Method With Strain Effect ,"Taiwan Semiconductor Manufacturing Co., Ltd.","Xusheng Wu, Youbo LIN",,2021-08-16,2021-12-02,,https://patents.google.com/patent/US20210376149A1/en,https://patentimages.storage.googleapis.com/8c/db/3e/259af0f36bd0c2/US20210376149A1-20211202-D00000.png
US-2021375419-A1,Methods and systems for tailing collection ,"Express Scripts Strategic Development, Inc.",Robert E. Hoffman,,2021-08-16,2021-12-02,,https://patents.google.com/patent/US20210375419A1/en,https://patentimages.storage.googleapis.com/8c/e3/9a/24cefd57322f41/US20210375419A1-20211202-D00000.png
US-2021376306-A1,Electrodes for Batteries and Methods for Making Same ,"Pacesetter, Inc.",Xiaofei Jiang,,2021-08-16,2021-12-02,,https://patents.google.com/patent/US20210376306A1/en,https://patentimages.storage.googleapis.com/6a/ca/94/010e0391eef0f0/US20210376306A1-20211202-D00000.png
US-2021368943-A1,Footwear with Dual Shanks ,"Rocky Brands, Inc.",Mark S. Recchi,,2021-08-16,2021-12-02,,https://patents.google.com/patent/US20210368943A1/en,https://patentimages.storage.googleapis.com/4e/f5/9c/bb76f18378c059/US20210368943A1-20211202-D00000.png
US-2021375884-A1,Well Strap Structures and Methods of Forming the Same ,"Taiwan Semiconductor Manufacturing Co., Ltd.",Jhon Jhy Liaw,,2021-08-16,2021-12-02,,https://patents.google.com/patent/US20210375884A1/en,https://patentimages.storage.googleapis.com/29/8e/c4/2e681bc3704811/US20210375884A1-20211202-D00000.png
US-2021375995-A1,Method for producing a 3d semiconductor memory device and structure ,Monolithic 3D Inc.,"Deepak C. Sekar, Zvi Or-Bach",,2021-08-14,2021-12-02,,https://patents.google.com/patent/US20210375995A1/en,https://patentimages.storage.googleapis.com/bf/74/d8/764c161dfddddc/US20210375995A1-20211202-D00000.png
US-2021368788-A1,Methods for using antimicrobial compositions ,Next Science IP Holdings Pty Ltd,Matthew F. Myntti,,2021-08-14,2021-12-02,,https://patents.google.com/patent/US20210368788A1/en,https://patentimages.storage.googleapis.com/5e/67/7e/7dec971424f836/US20210368788A1-20211202-D00001.png
US-2021369296-A1,Steerable Endoluminal Punch with Introducer ,"Indian Wells Medical, Inc.","Jay A. Lenker, James A. Carroll, Peter Van Der Sluis, Eugene M. Breznock",,2021-08-13,2021-12-02,,https://patents.google.com/patent/US20210369296A1/en,https://patentimages.storage.googleapis.com/d5/b6/65/5e17800f6af107/US20210369296A1-20211202-D00000.png
US-2021379884-A1,Laser-Produced Porous Surface ,Howmedica Osteonics Corp.,"William O'Neill, Christopher J. Sutcliffe, Eric Jones, Robin Stamp",,2021-08-13,2021-12-09,,https://patents.google.com/patent/US20210379884A1/en,https://patentimages.storage.googleapis.com/ae/1a/1b/2f4cc2d68deaf9/US20210379884A1-20211209-D00000.png
US-2021375612-A1,Logical operations in mass spectrometry ,Purdue Research Foundation,"Robert Graham Cooks, Dalton Snyder, Lucas Szalwinski",,2021-08-13,2021-12-02,,https://patents.google.com/patent/US20210375612A1/en,https://patentimages.storage.googleapis.com/9f/d0/a1/dce1dcca5ff007/US20210375612A1-20211202-D00000.png
US-2021370777-A1,System and Method for Collision Prevention in a Linear Motion System ,"Rockwel Automation Technologies, Inc.","Yuhong Huang, Brian M. Perreault",,2021-08-13,2021-12-02,,https://patents.google.com/patent/US20210370777A1/en,https://patentimages.storage.googleapis.com/1f/23/4a/7633af980ac831/US20210370777A1-20211202-D00000.png
US-2021375770-A1,Semiconductor package structure comprising rigid-flexible substrate and manufacturing method thereof ,"Taiwan Semiconductor Manufacturing Company, Ltd.","Chuei-Tang Wang, Chen-Hua Yu, Chung-Shi Liu, Chih-Yuan Chang, Jiun-Yi Wu, Jeng-Shien Hsieh, Tin-Hao Kuo",,2021-08-13,2021-12-02,,https://patents.google.com/patent/US20210375770A1/en,https://patentimages.storage.googleapis.com/b6/9d/a8/ffa0470c8aa507/US20210375770A1-20211202-D00000.png
US-2021369447-A1,Method for controlling placement of intraocular implants ,Glaukos Corporation,"Charles Raymond Kalina, JR.",,2021-08-12,2021-12-02,,https://patents.google.com/patent/US20210369447A1/en,https://patentimages.storage.googleapis.com/5b/8f/f6/755f050a6c0cc2/US20210369447A1-20211202-D00000.png
US-2021378063-A1,Resistive bypass for series lighting circuit ,"Seasonal Specialties, Llc",Steven J. Altamura,,2021-08-12,2021-12-02,,https://patents.google.com/patent/US20210378063A1/en,https://patentimages.storage.googleapis.com/b9/0b/23/245c025db86cf3/US20210378063A1-20211202-D00000.png
US-2021375659-A1,Dynamic release tapes for assembly of discrete components ,Kulicke & Soffa Netherlands B.V.,"Val Marinov, Yuriy Atanasov",,2021-08-12,2021-12-02,,https://patents.google.com/patent/US20210375659A1/en,https://patentimages.storage.googleapis.com/b2/9b/4b/29d941a9cf19ee/US20210375659A1-20211202-D00000.png
US-2021375772-A1,Method for forming package structure ,"Taiwan Semiconductor Manufacturing Company, Ltd.","Chin-Chuan Chang, Szu-Wei Lu",,2021-08-12,2021-12-02,,https://patents.google.com/patent/US20210375772A1/en,https://patentimages.storage.googleapis.com/e0/7e/b5/dae74f256ed2ab/US20210375772A1-20211202-D00000.png
US-2021376393-A1,"Battery group, battery, and battery pack ",Kabushiki Kaisha Toshiba,"Asuna HAGIWARA, Masanori Tanaka",,2021-08-12,2021-12-02,,https://patents.google.com/patent/US20210376393A1/en,https://patentimages.storage.googleapis.com/70/01/d8/333b0c22029999/US20210376393A1-20211202-D00000.png
US-2021370087-A1,Micro coils suitable for magnetic neural stimulation ,Palo Alto Research Center Incorporated,"Krishnan THYAGARAJAN, George Daniel, Bernard D. Casse",,2021-08-12,2021-12-02,,https://patents.google.com/patent/US20210370087A1/en,https://patentimages.storage.googleapis.com/04/8a/49/82e082a290e3dc/US20210370087A1-20211202-D00000.png
US-2021373709-A1,Fingerprint sensor and button combinations and methods of making same ,Synaptics Incorporated,"Brett Dunlap, Paul Wickboldt",,2021-08-12,2021-12-02,,https://patents.google.com/patent/US20210373709A1/en,https://patentimages.storage.googleapis.com/d0/1f/37/c0a5726a4c7160/US20210373709A1-20211202-D00000.png
US-2021370156-A1,Ice Skating Aid ,Craig J. Plizga,Craig J. Plizga,,2021-08-12,2021-12-02,,https://patents.google.com/patent/US20210370156A1/en,https://patentimages.storage.googleapis.com/ca/bc/f2/f34a8ca3b5c345/US20210370156A1-20211202-D00000.png
US-2021376383-A1,Electrolytes for stable cycling of high capacity lithium based batteries ,"Zenlabs Energy, Inc.","Swapnil J. Dalavi, Shabab Amiruddin, Bing Li",,2021-08-12,2021-12-02,,https://patents.google.com/patent/US20210376383A1/en,https://patentimages.storage.googleapis.com/8b/22/d6/1b821929b407dd/US20210376383A1-20211202-D00000.png
US-2021375649-A1,Dynamic release tapes for assembly of discrete components ,Kulicke & Soffa Netherlands B.V.,"Val Marinov, Yuriy Atanasov",,2021-08-12,2021-12-02,,https://patents.google.com/patent/US20210375649A1/en,https://patentimages.storage.googleapis.com/5e/e3/87/9744bdf8d63b32/US20210375649A1-20211202-D00000.png
US-2021371341-A1,Palm ash curable concrete composition ,King Fahd University Of Petroleum And Minerals,"Babatunde Abiodun SALAMI, Megat Azmi Megat JOHARI, Mohammed Maslehuddin, Zainal Arifin AHMAD",,2021-08-11,2021-12-02,,https://patents.google.com/patent/US20210371341A1/en,https://patentimages.storage.googleapis.com/de/5a/fd/ef1c66de5b2498/US20210371341A1-20211202-D00001.png
US-2021371340-A1,Ash-containing concrete composition ,King Fahd University Of Petroleum And Minerals,"Babatunde Abiodun SALAMI, Megat Azmi Megat JOHARI, Mohammed Maslehuddin, Zainal Arifin AHMAD",,2021-08-11,2021-12-02,,https://patents.google.com/patent/US20210371340A1/en,https://patentimages.storage.googleapis.com/66/94/e6/52fdce9d260b84/US20210371340A1-20211202-D00001.png
US-2021375830-A1,Composite ic chips including a chiplet embedded within metallization layers of a host ic chip ,Intel Corporation,"Adel Elsherbini, Johanna Swan, Shawna Liff, Patrick Morrow, Gerald Pasdast, Van Le",,2021-08-11,2021-12-02,,https://patents.google.com/patent/US20210375830A1/en,https://patentimages.storage.googleapis.com/94/0c/e5/a395e91703034e/US20210375830A1-20211202-D00000.png
US-2021369482-A1,External ankle brace ,"TayCo Brace, LLC","Frederick John Ferlic, Mike Bean",,2021-08-11,2021-12-02,,https://patents.google.com/patent/US20210369482A1/en,https://patentimages.storage.googleapis.com/f4/87/ae/3e3489fa84fc9b/US20210369482A1-20211202-D00000.png
US-2021372011-A1,"Methods, processes, and apparatuses for producing dyed and welded substrates ","Natural Fiber Welding, Inc.","Luke Michael Haverhals, Aaron Kenneth Amstutz, Jonglak Choi, Xiling Tang, Michael Molter, Spencer Jacob Null",,2021-08-10,2021-12-02,,https://patents.google.com/patent/US20210372011A1/en,https://patentimages.storage.googleapis.com/05/be/db/362c4ee4c3ae21/US20210372011A1-20211202-D00000.png
US-2021382088-A1,Manufacturing method of integrated substrate ,Dyi-chung Hu,Dyi-chung Hu,,2021-08-09,2021-12-09,,https://patents.google.com/patent/US20210382088A1/en,https://patentimages.storage.googleapis.com/05/29/77/e53ddb20323890/US20210382088A1-20211209-D00000.png
US-2021361007-A1,Device for protecting pants and other garments from exposure to rain and other condensation ,Randall L. Ramsey,Randall L. Ramsey,,2021-08-06,2021-11-25,,https://patents.google.com/patent/US20210361007A1/en,https://patentimages.storage.googleapis.com/83/41/c3/7c780cd7003334/US20210361007A1-20211125-D00000.png
US-2021376124-A1,Radical Etching in Gate Formation ,"Taiwan Semiconductor Manufacturing Co., Ltd.","Wei-Yu Tsai, Fu-Yao Nien, Hong-Wei Huang, Chang-Sheng Lee",,2021-08-05,2021-12-02,,https://patents.google.com/patent/US20210376124A1/en,https://patentimages.storage.googleapis.com/3b/c9/55/2fce240d982ce8/US20210376124A1-20211202-D00000.png
US-2021369702-A1,Methods for treating anemia in subjects having kidney failure using inhibitors of hypoxia-inducible factor (hif) hydroxylase ,"Fibrogen, Inc.","Stephen J. Klaus, Al Y. Lin, Thomas B. Neff, Qingjian Wang, Volkmar Guenzler-Pukall, Lee A. Flippin, Michael P. Arend, Alex Melekhov",,2021-08-05,2021-12-02,,https://patents.google.com/patent/US20210369702A1/en,https://patentimages.storage.googleapis.com/e4/bb/fc/4ef47fd7800877/US20210369702A1-20211202-D00001.png
US-2021375802-A1,Post passivation interconnect ,"Taiwan Semiconductor Manufacturing Company, Ltd.","Yi-An Lin, Alan KUO, C. C. Chang, Yu-Lung Shih",,2021-08-05,2021-12-02,,https://patents.google.com/patent/US20210375802A1/en,https://patentimages.storage.googleapis.com/e2/c5/7a/bdeff56bf90bec/US20210375802A1-20211202-D00000.png
US-2021370432-A1,Vibrating welding apparatus and method ,Huys Industries Limited,"Nigel Scotchmer, Franklin REMENTER",,2021-08-03,2021-12-02,,https://patents.google.com/patent/US20210370432A1/en,https://patentimages.storage.googleapis.com/00/36/58/36ca59b2a4fb4c/US20210370432A1-20211202-D00000.png
US-2021374427-A1,Fish measurement station keeping ,X Development Llc,"Joel Fraser Atwater, Barnaby John James, Matthew Messana",,2021-08-02,2021-12-02,,https://patents.google.com/patent/US20210374427A1/en,https://patentimages.storage.googleapis.com/9e/61/b2/eabf15e0ad0d1e/US20210374427A1-20211202-D00000.png
