search URL:,https://patents.google.com/?q=Aramid&country=US&before=priority:20190131&after=priority:20190101&language=ENGLISH
id,title,assignee,inventor/author,priority date,filing/creation date,publication date,grant date,result link,representative figure link
US-2020214361-A1,Atomizing core ,"Shenzhen First Union Technology Co., Ltd.","Xiaoqiang Zhao, Zhongli Xu, Yonghai Li",2019-01-05,2019-08-21,2020-07-09,,https://patents.google.com/patent/US20200214361A1/en,https://patentimages.storage.googleapis.com/85/95/7e/a5014c3ea63118/US20200214361A1-20200709-D00000.png
US-2020280137-A1,Method of controlling dielectric constant of composite material by micro pattern printing ,Agency For Defense Development,"Sangmin BAEK, Wonjun Lee, Sangyong Kim, Jeongin GO",2019-01-25,2020-01-13,2020-09-03,,https://patents.google.com/patent/US20200280137A1/en,https://patentimages.storage.googleapis.com/59/ca/58/821eea515bbd73/US20200280137A1-20200903-D00000.png
US-2020281292-A1,Multi-threat protection composite ,Milliken & Company,Yunzhang Wang,2019-01-16,2020-01-15,2020-09-10,,https://patents.google.com/patent/US20200281292A1/en,https://patentimages.storage.googleapis.com/43/64/eb/0bc4ee34ba327e/US20200281292A1-20200910-D00000.png
US-2020223181-A1,Multi-threat protection composite ,Milliken & Company,Yunzhang Wang,2019-01-16,2020-01-15,2020-07-16,,https://patents.google.com/patent/US20200223181A1/en,https://patentimages.storage.googleapis.com/52/c7/81/479a15a4663c22/US20200223181A1-20200716-D00000.png
US-2020214411-A1,Wallet for mobile electronic device or mobile electronic device case ,Samsonite Ip Holdings S.Àr.L.,"Darrick DEL MORAL, Bryan Lee Hynecek, Eric Lo, Patrick Christian, Christopher William LEDESMA",2019-01-07,2019-06-25,2020-07-09,,https://patents.google.com/patent/US20200214411A1/en,https://patentimages.storage.googleapis.com/89/03/99/b92aaa374675fd/US20200214411A1-20200709-D00000.png
US-2021114723-A1,Modular Tandem Tiltrotor Aircraft ,Bell Textron Inc.,"John Robert Wittmaak, JR., Steven M. Loveland, Joshua Allan Edler, Alan Hisashi Steinert, Stephen Yibum Chung, Matthew Edward Louis",2019-01-16,2020-10-27,2021-04-22,,https://patents.google.com/patent/US20210114723A1/en,https://patentimages.storage.googleapis.com/fe/fc/e6/aa4ee17d1f2ae6/US20210114723A1-20210422-D00000.png
US-2021056594-A1,Locking boot for vehicle wheel ,Mike Gordon,Mike Gordon,2019-01-04,2020-11-09,2021-02-25,,https://patents.google.com/patent/US20210056594A1/en,https://patentimages.storage.googleapis.com/57/44/57/c03b75b768f2ea/US20210056594A1-20210225-D00000.png
US-2021127186-A1,Loudspeaker apparatus ,"Shenzhen Voxtech Co., Ltd.","ChaoWu Li, Zhuyang JIANG, Fen You",2019-01-05,2020-12-31,2021-04-29,,https://patents.google.com/patent/US20210127186A1/en,https://patentimages.storage.googleapis.com/12/c0/50/c1bdc70353f503/US20210127186A1-20210429-D00000.png
US-2021337287-A1,Speaker device ,"Shenzhen Voxtech Co., Ltd.","Yongjian LI, Haofeng Zhang, Fen You",2019-01-05,2021-07-04,2021-10-28,,https://patents.google.com/patent/US20210337287A1/en,https://patentimages.storage.googleapis.com/bb/59/23/739f7231e173eb/US20210337287A1-20211028-D00000.png
US-11166094-B2,Loudspeaker device ,"Shenzhen Voxtech Co., Ltd.","ChaoWu Li, Yongjian LI",2019-01-05,2020-09-29,2021-11-02,2021-11-02,https://patents.google.com/patent/US11166094B2/en,https://patentimages.storage.googleapis.com/92/54/16/61f57836e834e4/US11166094-20211102-D00000.png
US-2021076123-A1,Loudspeaker apparatus ,"Shenzhen Voxtech Co., Ltd.","Lei Zhang, Yongjian LI, Wenbing ZHOU, Jinbo ZHENG, Zhuyang JIANG",2019-01-05,2020-11-15,2021-03-11,,https://patents.google.com/patent/US20210076123A1/en,https://patentimages.storage.googleapis.com/8a/92/b4/84a68ff52e6151/US20210076123A1-20210311-D00000.png
US-2021329359-A1,Speaker device ,"Shenzhen Voxtech Co., Ltd.","ChaoWu Li, Yongjian LI, Yueqiang Wang",2019-01-05,2021-07-01,2021-10-21,,https://patents.google.com/patent/US20210329359A1/en,https://patentimages.storage.googleapis.com/15/4e/3e/699e199b406b72/US20210329359A1-20211021-D00000.png
US-11155751-B2,Method of treating subterranean formations with composites having enhanced strength ,Baker Hughes Holdings Llc,"Naima Bestaoui-Spurr, Hanh Nguyen",2019-01-22,2019-01-22,2021-10-26,2021-10-26,https://patents.google.com/patent/US11155751B2/en,https://patentimages.storage.googleapis.com/de/c3/43/225782996a4cd7/US11155751-20211026-D00000.png
US-10964177-B1,Security system for detecting hazardous events and occupants in a building ,Drift Net,Aaron Brent Coles,2019-01-11,2020-11-30,2021-03-30,2021-03-30,https://patents.google.com/patent/US10964177B1/en,https://patentimages.storage.googleapis.com/cb/60/ef/785fa898d8b0d9/US10964177-20210330-D00000.png
US-10866869-B2,Method to perform crash and failure recovery for a virtualized checkpoint protected storage system ,"Vmware, Inc.",Cheng Li,2019-01-16,2019-01-16,2020-12-15,2020-12-15,https://patents.google.com/patent/US10866869B2/en,https://patentimages.storage.googleapis.com/fc/20/51/eca1c4e8fadca7/US10866869-20201215-D00000.png
US-11148815-B2,Parachutes and methods of making parachutes having equalized confluence insertions ,Goodrich Corporation,"Jaro S. Volny, Kassidy L. Carson",2019-01-11,2019-01-11,2021-10-19,2021-10-19,https://patents.google.com/patent/US11148815B2/en,https://patentimages.storage.googleapis.com/dc/32/d5/cfb0dd8e3b5014/US11148815-20211019-D00000.png
US-10731645-B1,Stabilizing bushing constructed of fiber reinforced structural composite ,John A. Kozel,John A. Kozel,2019-01-25,2019-01-25,2020-08-04,2020-08-04,https://patents.google.com/patent/US10731645B1/en,https://patentimages.storage.googleapis.com/8b/00/be/a7f8b5751899db/US10731645-20200804-D00000.png
US-2020230810-A1,Humanoid Robot Joint Designs ,"Florida Institute For Human And Machine Cognition, Inc.",Victor Ragusila,2019-01-18,2020-01-21,2020-07-23,,https://patents.google.com/patent/US20200230810A1/en,https://patentimages.storage.googleapis.com/a5/11/96/4faf30a87dac39/US20200230810A1-20200723-D00000.png
US-2020231477-A1,Systems and methods for reducing total dissolved solids (tds) in wastewater by an algal biofilm treatment ,"Iowa State University Research Foundation, Inc., Metropolitan Water Reclamation District Of Greater Chicago","Zhiyou Wen, Juan PENG, Martin A. Gross, Kumar Kuldip, Thomas Kunetz",2019-01-22,2020-01-21,2020-07-23,,https://patents.google.com/patent/US20200231477A1/en,https://patentimages.storage.googleapis.com/3a/0a/2f/7aed924df92243/US20200231477A1-20200723-D00000.png
US-2021083327-A1,Electrolyte and electrochemical device ,Ningde Amperex Technology Limited,"Junfei LIU, Shuirong Zhang, Juan Ma, Chao Tang",2019-01-25,2020-01-20,2021-03-18,,https://patents.google.com/patent/US20210083327A1/en,
US-2020231805-A1,Layered collagen materials and methods of making the same ,"Modern Meadow, Inc.","Lorenzo TEGLIA, Varna Lakshmi SHARMA, Dale Lee Handlin, Jr., Irina KLEIMAN, Hemanthram VARADARAJU",2019-01-17,2020-01-16,2020-07-23,,https://patents.google.com/patent/US20200231805A1/en,https://patentimages.storage.googleapis.com/52/ea/09/cb1ad772b11447/US20200231805A1-20200723-D00000.png
US-2020223556-A1,Protective coatings for turbine blades and methods ,The Boeing Company,"Andrew M. Zweig, Eric A. Bruton, Richard J. Toth",2019-01-10,2019-01-10,2020-07-16,,https://patents.google.com/patent/US20200223556A1/en,https://patentimages.storage.googleapis.com/ad/33/65/42ab06f4b4f916/US20200223556A1-20200716-D00000.png
US-2021347945-A1,Vehicle interior component with polymer composition ,Shanghai Yanfeng Jinqiao Automotive Trim Systems Co. Ltd.,"Liyong Wang, Jie Sun",2019-01-23,2021-07-22,2021-11-11,,https://patents.google.com/patent/US20210347945A1/en,https://patentimages.storage.googleapis.com/73/9e/e9/b6522f042f7a54/US20210347945A1-20211111-D00000.png
US-11046074-B2,"Liquid discharge head, liquid discharge apparatus, method of controlling the liquid discharge head, and a method of controlling the liquid discharge apparatus ",Seiko Epson Corporation,Motoki Takabe,2019-01-29,2020-01-27,2021-06-29,2021-06-29,https://patents.google.com/patent/US11046074B2/en,https://patentimages.storage.googleapis.com/c4/a6/20/9cba285de84164/US11046074-20210629-D00000.png
US-2020229328-A1,Mission configurable shelter ,"Hdt Expeditionary Systems, Inc.","Charles Deighton, Wade Milek",2019-01-15,2020-01-10,2020-07-16,,https://patents.google.com/patent/US20200229328A1/en,https://patentimages.storage.googleapis.com/cd/de/4b/18eae0deb76892/US20200229328A1-20200716-D00001.png
US-10800341-B2,"Apparatus, system, and method for providing a vehicle accessory ",Donald Ray Merryman,Donald Ray Merryman,2019-01-28,2019-01-28,2020-10-13,2020-10-13,https://patents.google.com/patent/US10800341B2/en,https://patentimages.storage.googleapis.com/50/7a/9d/67c58d3f6e7390/US10800341-20201013-D00000.png
US-2020240133-A1,Window for expandable shelter ,Berg Companies Inc.,"Paul Miacolo, Paul Gorka",2019-01-28,2020-01-27,2020-07-30,,https://patents.google.com/patent/US20200240133A1/en,https://patentimages.storage.googleapis.com/14/30/f3/8c5be018541ea3/US20200240133A1-20200730-D00000.png
US-2020213012-A1,Embedded Fiber Optic Sensor System ,The Boeing Company,Brian Dale Laughlin,2019-01-02,2019-01-02,2020-07-02,,https://patents.google.com/patent/US20200213012A1/en,https://patentimages.storage.googleapis.com/be/6b/0c/18544d07f16542/US20200213012A1-20200702-D00000.png
US-10424334-B1,Data storage device formatting a disk surface with a write format and a read format ,"Western Digital Technologies, Inc.","Shaomin Xiong, Toshiki Hirano, Na Wang, Vipin A. Vitikkate, William B. Boyle",2019-01-08,2019-01-08,2019-09-24,2019-09-24,https://patents.google.com/patent/US10424334B1/en,https://patentimages.storage.googleapis.com/a4/51/0f/76f1d8c31b5a2c/US10424334-20190924-D00000.png
US-11104413-B2,Flight assembly and method for flight thereof ,Haile E. Wubu,Haile E. Wubu,2019-01-18,2019-01-18,2021-08-31,2021-08-31,https://patents.google.com/patent/US11104413B2/en,https://patentimages.storage.googleapis.com/ac/79/de/a210e7c5f184f0/US11104413-20210831-D00000.png
US-2020232205-A1,"System, method and apparatus for integrated portable building foundation platform with modular components ","Simple Structures, Inc.","Steven B. Richmond, Sydney A. Moe, Jeffrey G. Wilson, Remy Labesque, Cameron Blizzard",2019-01-23,2020-01-22,2020-07-23,,https://patents.google.com/patent/US20200232205A1/en,https://patentimages.storage.googleapis.com/0e/55/85/43543a8aca7761/US20200232205A1-20200723-D00000.png
US-10619978-B1,Shield apparatuses having offensive and defensive structures ,Casper COO LLC,"Stacy Ray Ackley, Glenn Plowman, Stephen McNeill Robinson",2019-01-24,2019-01-24,2020-04-14,2020-04-14,https://patents.google.com/patent/US10619978B1/en,https://patentimages.storage.googleapis.com/88/16/2a/10eb04d9310025/US10619978-20200414-D00000.png
US-2020215988-A1,Lightweight structural module on the roof of a vehicle ,"Valeo North America, Inc.","Clarence Jackson, Satish Nadella, Peter Brookes",2019-01-07,2019-12-10,2020-07-09,,https://patents.google.com/patent/US20200215988A1/en,https://patentimages.storage.googleapis.com/52/d0/9b/f644ec1cadcde5/US20200215988A1-20200709-D00000.png
US-11022322-B2,Cooking appliance with an imaging device ,Whirlpool Corporation,"Alexander L. Clayton, Brandon Satanek, Michael Tsai, Christopher Cullen, Heng Tong Pit, Donald John GILMORE, Cristiano Vito Pastore, Matthew P. Ebrom, Pallavi Manjrekar, Bruce Wiatrak, John Doyle, Joshua Abdoo, Ariana Bruno, Neomar Giacomini, Tamara Distaso, Gianpiero Santacatterina, Seth Herndon",2019-01-04,2019-12-27,2021-06-01,2021-06-01,https://patents.google.com/patent/US11022322B2/en,https://patentimages.storage.googleapis.com/67/e4/1b/9006fbd389bd49/US11022322-20210601-D00000.png
US-2020268230-A1,Sponge Product ,"Clinton D. Bunch, Joshua A. Bunch","Clinton D. Bunch, Joshua A. Bunch",2019-01-25,2020-01-24,2020-08-27,,https://patents.google.com/patent/US20200268230A1/en,https://patentimages.storage.googleapis.com/92/eb/02/320547bb98e7d0/US20200268230A1-20200827-D00000.png
US-2020222074-A1,Sphincterotomes and methods for using sphincterotomes ,"Boston Scientific Scimed, Inc.","Evan Wilder, Paul Smith, Peter L. Dayton",2019-01-15,2020-01-14,2020-07-16,,https://patents.google.com/patent/US20200222074A1/en,https://patentimages.storage.googleapis.com/0c/83/14/4947f944cd9671/US20200222074A1-20200716-D00000.png
US-2020260816-A1,Ballet pointe shoe having improved heel seam and throat with concealed pre-stressed elastic band ,Lisias Ransan,Lisias Ransan,2019-01-19,2020-01-17,2020-08-20,,https://patents.google.com/patent/US20200260816A1/en,https://patentimages.storage.googleapis.com/e8/ce/98/b51ea6657bdcb7/US20200260816A1-20200820-D00000.png
US-10914318-B2,Engine casing treatment for reducing circumferentially variable distortion ,General Electric Company,"Joseph Capozzi, Aspi Rustom Wadia",2019-01-10,2019-01-10,2021-02-09,2021-02-09,https://patents.google.com/patent/US10914318B2/en,https://patentimages.storage.googleapis.com/1b/99/60/cdc2ce8b55609a/US10914318-20210209-D00000.png
US-2020240566-A1,Fitting for preventing distortion ,Sang Seon Lee,Sang Seon Lee,2019-01-25,2020-01-16,2020-07-30,,https://patents.google.com/patent/US20200240566A1/en,https://patentimages.storage.googleapis.com/1d/d3/02/60aa0b28dfeee4/US20200240566A1-20200730-D00000.png
US-2020223541-A1,Vertical Lift Single Engine Vehicle System ,Curtis Miller,Curtis Miller,2019-01-15,2019-08-22,2020-07-16,,https://patents.google.com/patent/US20200223541A1/en,https://patentimages.storage.googleapis.com/5d/08/51/1d821510db06ff/US20200223541A1-20200716-D00000.png
US-2020233055-A1,Electronic polar alignment for astronomical instrument ,"Nanjing iOptron Scientific, Inc. Ltd.","Chengcheng Xu, Baitao Zhao, Hua Jiang",2019-01-18,2019-10-11,2020-07-23,,https://patents.google.com/patent/US20200233055A1/en,https://patentimages.storage.googleapis.com/f3/16/67/39a0455d761ed9/US20200233055A1-20200723-D00000.png
US-2020214410-A1,Wallet for Mobile Electronic Device or Mobile Electronic Device Case ,Samsonite Ip Holdings S.Àr.L.,"Darrick DEL MORAL, Bryan Hynecek, Eric Lo, Patrick Christian, Christopher William LEDESMA",2019-01-07,2019-01-07,2020-07-09,,https://patents.google.com/patent/US20200214410A1/en,https://patentimages.storage.googleapis.com/fc/ba/27/935f5e85cfed07/US20200214410A1-20200709-D00000.png
US-2020224655-A1,Plasticizer improving dynamic fatigue performance in fiber reinforced elastomers ,Abaco Drilling Technologies Llc,Robert Bohmer,2019-01-15,2020-01-15,2020-07-16,,https://patents.google.com/patent/US20200224655A1/en,https://patentimages.storage.googleapis.com/94/b7/5d/5eef7b0cb2c4e8/US20200224655A1-20200716-D00000.png
US-2020224335-A1,Electrospun Nanofibers ,The Johns Hopkins University,"Christopher M. Hoffman, JR., Matthew P. Yeager, Morgana M. Trexler, Zhiyong Xia, Douglas A. Smith, Marcia W. Patchan",2019-01-16,2019-08-28,2020-07-16,,https://patents.google.com/patent/US20200224335A1/en,https://patentimages.storage.googleapis.com/7a/aa/2a/88e5c788cdb170/US20200224335A1-20200716-D00000.png
US-2020207039-A1,Identifiable Composite Rework System and Method ,The Boeing Company,"Tony Dean Hicks, William B. Nichols, Kathryn Mary Nowicki",2019-01-02,2019-01-02,2020-07-02,,https://patents.google.com/patent/US20200207039A1/en,https://patentimages.storage.googleapis.com/83/4c/f9/85c40e3be89d26/US20200207039A1-20200702-D00000.png
US-2020240151-A1,Magnetic Perimeter Attachment for an Aircraft Flooring Section ,"Techno-Coatings, Inc. d/b/a Techno Aerospace",Tuan Huat Jerry Koh,2019-01-28,2020-01-28,2020-07-30,,https://patents.google.com/patent/US20200240151A1/en,https://patentimages.storage.googleapis.com/05/8a/a5/a57864b3b510c5/US20200240151A1-20200730-D00000.png
US-2019166796-A1,Fire-retardant animal apparel ,Dalia MacPhee,Dalia MacPhee,2019-01-14,2019-02-11,2019-06-06,,https://patents.google.com/patent/US20190166796A1/en,https://patentimages.storage.googleapis.com/2a/34/23/18f9e7617ce364/US20190166796A1-20190606-D00000.png
US-2020219638-A1,Cables Incorporating Asymmetrical Separators ,Superior Essex International LP,Jeffery Scott Williams,2019-01-07,2019-01-07,2020-07-09,,https://patents.google.com/patent/US20200219638A1/en,https://patentimages.storage.googleapis.com/03/7f/7f/4c48713413ef8e/US20200219638A1-20200709-D00000.png
US-2020214365-A1,Athletic sock ,"Thor·Lo, Inc.","David Andrew Varsik, James K. Leonard Thorneburg",2019-01-08,2019-11-15,2020-07-09,,https://patents.google.com/patent/US20200214365A1/en,https://patentimages.storage.googleapis.com/ca/27/c4/d66f2b3709381e/US20200214365A1-20200709-D00000.png
US-2021341696-A1,Unitized fiber optic cables ,Corning Research & Development Corporation,"Rebecca Ruth Akinosho, Bradley Grant Chapman, William Carl Hurley",2019-01-19,2021-07-13,2021-11-04,,https://patents.google.com/patent/US20210341696A1/en,https://patentimages.storage.googleapis.com/e9/f6/4e/a15bbf6bb898b3/US20210341696A1-20211104-D00000.png
US-2020307759-A1,Aircraft Flooring Architecture ,"Techno-Coatings, Inc. d/b/a Techno Aerospace",Tuan Huat Jerry Koh,2019-01-28,2020-01-28,2020-10-01,,https://patents.google.com/patent/US20200307759A1/en,https://patentimages.storage.googleapis.com/ca/3e/4c/bdde67d126fa93/US20200307759A1-20201001-D00000.png
US-2020239121-A1,Spacer Assembly For Aircraft Flooring ,"Techno-Coatings, Inc. d/b/a Techno Aerospace",Tuan Huat Jerry Koh,2019-01-28,2020-01-28,2020-07-30,,https://patents.google.com/patent/US20200239121A1/en,https://patentimages.storage.googleapis.com/42/48/cd/9e7094b79600e8/US20200239121A1-20200730-D00000.png
US-2021347614-A1,Cable robot ,Robert Bramberger,Robert Bramberger,2019-01-23,2021-07-22,2021-11-11,,https://patents.google.com/patent/US20210347614A1/en,https://patentimages.storage.googleapis.com/1e/65/ad/97d86f2622634f/US20210347614A1-20211111-D00000.png
US-2020211725-A1,Radiation protection apparatus and materials therefor ,Radiaction Ltd,"Jonathan Yifat, Yossi BAR, Amir Belson, Michael Retter",2019-01-02,2019-12-31,2020-07-02,,https://patents.google.com/patent/US20200211725A1/en,https://patentimages.storage.googleapis.com/08/0a/7b/edb1e5e3f19a7e/US20200211725A1-20200702-D00000.png
US-2020240260-A1,Polymer insulated thermocouple bundles ,Precision Downhole Services Ltd.,Michael Melnychuk,2019-01-25,2020-01-23,2020-07-30,,https://patents.google.com/patent/US20200240260A1/en,https://patentimages.storage.googleapis.com/21/ed/82/f508a08935596c/US20200240260A1-20200730-D00000.png
US-2020243854-A1,Lithium metal secondary battery containing elastic polymer foam as an anode-protecting layer ,"Nanotek Instruments, Inc.",Bor Z. Jang,2019-01-24,2019-01-24,2020-07-30,,https://patents.google.com/patent/US20200243854A1/en,https://patentimages.storage.googleapis.com/fe/84/38/170361618c6ff1/US20200243854A1-20200730-D00000.png
US-2020243838-A1,Method of improving cycle life of a rechargeable lithium metal battery ,"Nanotek Instruments, Inc.",Bor Z. Jang,2019-01-24,2019-01-24,2020-07-30,,https://patents.google.com/patent/US20200243838A1/en,https://patentimages.storage.googleapis.com/a6/31/4e/53256797e35b01/US20200243838A1-20200730-D00000.png
US-2020238637-A1,Resin transfer molding systems and control logic for manufacturing fiber-reinforced composite parts ,GM Global Technology Operations LLC,"William R. Rodgers, Venkateshwar R. Aitharaju",2019-01-25,2019-01-25,2020-07-30,,https://patents.google.com/patent/US20200238637A1/en,https://patentimages.storage.googleapis.com/f1/37/3f/aec2d0ed968b8b/US20200238637A1-20200730-D00000.png
US-2020216678-A1,Compositions and methods for pretreating substrates for the subsequent fixing of vapor phase corrosion inhibitors ,EXCOR Korrosionforschung GmbH,"Georg Reinhard, Peter Neitzel, Frank Fassbender, Gerhard Hahn",2019-01-04,2020-01-02,2020-07-09,,https://patents.google.com/patent/US20200216678A1/en,
US-2021138710-A1,Device and method for manufacturing wood-plastic coated lumber composite ,South China Agricultural University,"Rongxian Ou, Qingwen Wang, Xin Yi, Wei Tang, Lichao Sun, Junjie Xu",2019-01-08,2019-12-27,2021-05-13,,https://patents.google.com/patent/US20210138710A1/en,https://patentimages.storage.googleapis.com/af/fe/76/fe3c332ce390e3/US20210138710A1-20210513-D00000.png
US-10971860-B1,Tamper-resistant nightlight ,"Jeffrey P. Baldwin, John E. Klein","Jeffrey P. Baldwin, John E. Klein",2019-01-23,2020-01-23,2021-04-06,2021-04-06,https://patents.google.com/patent/US10971860B1/en,https://patentimages.storage.googleapis.com/1b/3f/67/7678e073e34fc0/US10971860-20210406-D00000.png
US-10965060-B1,Dimmable tamper-resistant nightlight ,"Jeffrey P. Baldwin, John E. Klein","Jeffrey P. Baldwin, John E. Klein",2019-01-23,2020-04-16,2021-03-30,2021-03-30,https://patents.google.com/patent/US10965060B1/en,https://patentimages.storage.googleapis.com/35/a8/ee/90f587f5a02182/US10965060-20210330-D00000.png
US-2021346967-A1,Method for producing a fiber-plastics-composite tool component and fiber-plastics-composite tool component ,Guehring Kg,Thomas Bischoff,2019-01-08,2021-07-07,2021-11-11,,https://patents.google.com/patent/US20210346967A1/en,https://patentimages.storage.googleapis.com/f6/f7/18/2ad78bba425204/US20210346967A1-20211111-D00000.png
US-2020215774-A1,Moldless vacuum infusion process ,"Varial Surf Technology, Inc.","Edison Conner, Parker Borneman",2019-01-07,2019-01-07,2020-07-09,,https://patents.google.com/patent/US20200215774A1/en,https://patentimages.storage.googleapis.com/86/b3/8d/d006abe72232ff/US20200215774A1-20200709-D00000.png
US-2020231907-A1,"Laundry Detergent Compositions For Eliminating, Reducing, And/Or Inhibiting Malodor ",Henkel IP & Holding GmbH,Alma D. Calderon,2019-01-18,2020-01-17,2020-07-23,,https://patents.google.com/patent/US20200231907A1/en,https://patentimages.storage.googleapis.com/d8/78/13/1f9345d8ed6596/US20200231907A1-20200723-D00001.png
US-2020217272-A1,Acoustic liner and method of forming an acoustic liner ,"Rohr, Inc.","John J. Gangloff, JR., Peter J. Walsh, Danielle L. Grolman, Craig Aaron Reimann, Thomas P. Filburn, Song Chiou, Jeong-Woo Kim, Jeffrey M. Mendoza",2019-01-04,2019-01-04,2020-07-09,,https://patents.google.com/patent/US20200217272A1/en,https://patentimages.storage.googleapis.com/df/c3/fa/c3c5d3e925924a/US20200217272A1-20200709-D00000.png
US-2020223105-A1,Method for prototyping and manufacturing high-contour structures of oriented thermoplastics and oriented thermoplastic composites ,"Mark V. Wasson, John R. Courter, Anatol Kwartler","Mark V. Wasson, John R. Courter, Anatol Kwartler",2019-01-15,2019-01-15,2020-07-16,,https://patents.google.com/patent/US20200223105A1/en,https://patentimages.storage.googleapis.com/25/9d/7d/2bc1054d3f9f90/US20200223105A1-20200716-D00000.png
US-2020232132-A1,Braided protective sleeve with heat-shrinkable yarns and method of construction thereof ,Federal-Mogul Powertrain Llc,Shozo Fukuyama,2019-01-23,2020-01-22,2020-07-23,,https://patents.google.com/patent/US20200232132A1/en,https://patentimages.storage.googleapis.com/a7/46/79/b8a433635eeb79/US20200232132A1-20200723-D00000.png
US-2020233050-A1,Cable connection unit for connection to a gradient coil unit ,Siemens Healthcare Gmbh,"Jörg Riegler, Simon Bauer, Axel Vom Endt",2019-01-17,2020-01-15,2020-07-23,,https://patents.google.com/patent/US20200233050A1/en,https://patentimages.storage.googleapis.com/d0/23/d1/460e6dc7601d6e/US20200233050A1-20200723-D00000.png
US-11191641-B2,Inductance mode deployment sensors for transcatheter valve system ,"Boston Scientific Scimed, Inc.","Michael J. Kane, Kevin Robert Poppe, Stephen J. Burke, Daniel J. Foster, Peter James Keogh, Bradley S. SWEHLA, Christopher Jay Scheff, Laura Kathryn Irvine",,2019-01-21,2021-12-07,2021-12-07,https://patents.google.com/patent/US11191641B2/en,https://patentimages.storage.googleapis.com/78/93/84/0f77ac10912b2d/US11191641-20211207-D00000.png
US-2020232738-A1,Ammunition Magazine Retention Device ,"Point Blank Enterprises, Inc.","Randall Jered LeMarbe, Leomar Roque",2019-01-18,2019-01-18,2020-07-23,,https://patents.google.com/patent/US20200232738A1/en,https://patentimages.storage.googleapis.com/0e/24/67/e2db1a834759e4/US20200232738A1-20200723-D00000.png
US-2020230867-A1,Mandrel for manufacturing fiber reinforced resin vessel ,"Honda Motor Co., Ltd., Daiho Industrial Co., Ltd.","Masanori Totsuka, Koei Fujiki, Yohei NOJI, Yoshikazu SHINNABE, Keisuke MATSUZAKA",2019-01-21,2020-01-21,2020-07-23,,https://patents.google.com/patent/US20200230867A1/en,https://patentimages.storage.googleapis.com/88/dc/3f/f531b55a8b9a45/US20200230867A1-20200723-D00000.png
US-2021380378-A1,Cable drum for a cable winch and method for production thereof ,Liebherr-Components Biberach Gmbh,"Ilaka Mupende, Norbert Hausladen, Bernd Hemel",2019-01-16,2021-07-16,2021-12-09,,https://patents.google.com/patent/US20210380378A1/en,https://patentimages.storage.googleapis.com/57/6c/2d/8592e679c573e1/US20210380378A1-20211209-D00000.png
US-2020220163-A1,Electrode with scaffold-structured composite layer and protection layer for improved battery performance ,Ningde Amperex Technology Limited,"Xiang Li, Bin Wang, Ying Shao",2019-01-08,2019-06-03,2020-07-09,,https://patents.google.com/patent/US20200220163A1/en,https://patentimages.storage.googleapis.com/d1/5b/8e/ab9d64d5458421/US20200220163A1-20200709-D00000.png
US-2020207895-A1,Radically polymerizable compositions ,"Polynt Composites USA, Inc.","Hildeberto Nava, James Anthony Skrobacki, Samuel T. Freeman",2019-01-02,2019-12-30,2020-07-02,,https://patents.google.com/patent/US20200207895A1/en,
US-2020216663-A1,"Articles made from high heat, high impact polycarbonate compositions and method of manufacture ",Sabic Global Technologies B.V.,Tony Farrell,2019-01-04,2019-12-31,2020-07-09,,https://patents.google.com/patent/US20200216663A1/en,
US-2020217058-A1,Movable flushable urinal ,Pavel Dragomir,Pavel Dragomir,2019-01-04,2019-05-09,2020-07-09,,https://patents.google.com/patent/US20200217058A1/en,https://patentimages.storage.googleapis.com/48/0b/05/be7d0aba865efb/US20200217058A1-20200709-D00000.png
US-2020243851-A1,"Electrode, electrode element, non-aqueous electrolyte power storage element, and method for manufacturing electrode ","Keigo Takauji, Miku OHKIMOTO, Toru Ushirogochi, Hideo Yanagita","Keigo Takauji, Miku OHKIMOTO, Toru Ushirogochi, Hideo Yanagita",2019-01-28,2020-01-28,2020-07-30,,https://patents.google.com/patent/US20200243851A1/en,https://patentimages.storage.googleapis.com/d7/f8/1c/2eb6bbcbdce545/US20200243851A1-20200730-D00000.png
US-2020208432-A1,"Material for making pole, pole made of material for making pole, and tent including the same ",Yun Sub Song,Yun Sub Song,2019-01-02,2019-02-01,2020-07-02,,https://patents.google.com/patent/US20200208432A1/en,https://patentimages.storage.googleapis.com/9c/c0/ac/1cfbca3370a20b/US20200208432A1-20200702-D00000.png
US-2020224823-A1,Method for producing high-pressure tank ,Toyota Jidosha Kabushiki Kaisha,Ken Hatta,2019-01-16,2019-12-26,2020-07-16,,https://patents.google.com/patent/US20200224823A1/en,https://patentimages.storage.googleapis.com/7a/a9/29/98d56f05ccc719/US20200224823A1-20200716-D00000.png
US-2021219043-A1,Speaker device ,"Shenzhen Voxtech Co., Ltd.","ChaoWu Li, Yongjian LI, Yueqiang Wang, Zhuyang JIANG, Fen You",2019-01-05,2021-03-31,2021-07-15,,https://patents.google.com/patent/US20210219043A1/en,https://patentimages.storage.googleapis.com/1a/f3/1a/101f2575c62250/US20210219043A1-20210715-D00000.png
US-2020223071-A1,Exosuit systems and methods with accessory device support ,"Seismic Holdings, Inc.","Richard M. Mahoney, Esther Leong, Mallory L. Tayson-Frederick",2019-01-10,2020-01-10,2020-07-16,,https://patents.google.com/patent/US20200223071A1/en,https://patentimages.storage.googleapis.com/7e/4c/b1/871ea4e3ec067e/US20200223071A1-20200716-D00000.png
US-2020232329-A1,Airfoil with body and cover panel ,United Technologies Corporation,"Eric W. Malmborg, Larry Foster",2019-01-18,2019-01-18,2020-07-23,,https://patents.google.com/patent/US20200232329A1/en,https://patentimages.storage.googleapis.com/98/25/0c/d0e0e206e36ff6/US20200232329A1-20200723-D00000.png
US-2020231102-A1,Grommet and wire harness ,"Sumitomo Wiring Systems, Ltd.",Hirokazu NAKAI,2019-01-21,2019-11-21,2020-07-23,,https://patents.google.com/patent/US20200231102A1/en,https://patentimages.storage.googleapis.com/91/8d/9a/2672fd01c0ec74/US20200231102A1-20200723-D00000.png
US-2020230866-A1,Mandrel structure and manufacturing method thereof ,"Honda Motor Co., Ltd., Daiho Industrial Co., Ltd.","Masanori Totsuka, Yohei NOJI, Yoshikazu SHINNABE, Koei Fujiki, Keisuke MATSUZAKA",2019-01-21,2020-01-21,2020-07-23,,https://patents.google.com/patent/US20200230866A1/en,https://patentimages.storage.googleapis.com/ea/18/10/3d48c5a2be4b5e/US20200230866A1-20200723-D00000.png
US-2020210546-A1,Systems and methods for generating a design for a gliding board ,Shinc Inc.,Hart Noah Honickman,2019-01-02,2019-06-07,2020-07-02,,https://patents.google.com/patent/US20200210546A1/en,https://patentimages.storage.googleapis.com/d0/55/86/2aa4f1303428cd/US20200210546A1-20200702-D00000.png
US-2020240233-A1,Plugs for Isolating Portions of Wellbores ,Cerca Downhole Technologies LLC,"Graham Chenault, Kelly Kykkanen, Anthony Honke, Tanner Ingram-Johnson, Kenneth Stokley",2019-01-29,2019-01-29,2020-07-30,,https://patents.google.com/patent/US20200240233A1/en,https://patentimages.storage.googleapis.com/65/ac/9d/97baaa5e5bedd9/US20200240233A1-20200730-D00000.png
US-2021213503-A1,Apparatus for Cleaning Rolling Roll for Electrode and Cleaning Method ,"Lg Chem, Ltd.","Kun Ha Park, Seung Gi Yang, Ung Ju Lee",2019-01-25,2020-01-23,2021-07-15,,https://patents.google.com/patent/US20210213503A1/en,https://patentimages.storage.googleapis.com/49/48/dc/97a69a0363caef/US20210213503A1-20210715-D00000.png
US-2021076766-A1,Accessory mount for helmet shroud and methods of using the same ,"Intellectual Property Holdings, Llc","Adam John Lauser, Jr., Jon Adlard Hauserman, Ron Szalkowski",2019-01-22,2020-01-22,2021-03-18,,https://patents.google.com/patent/US20210076766A1/en,https://patentimages.storage.googleapis.com/b9/3c/03/e7aeef2feafb77/US20210076766A1-20210318-D00000.png
US-2020237103-A1,Systems and methods for providing a convertible bench ,M. Brent Norton,M. Brent Norton,2019-01-24,2020-01-24,2020-07-30,,https://patents.google.com/patent/US20200237103A1/en,https://patentimages.storage.googleapis.com/fe/a3/29/26ced32f80dad7/US20200237103A1-20200730-D00000.png
US-2020238239-A1,Wine decanter pedestal with controllably variable swirl motion ,"SwirlLab, LLC","Marcus J. Shotey, Brad Carlson",2019-01-25,2020-01-24,2020-07-30,,https://patents.google.com/patent/US20200238239A1/en,https://patentimages.storage.googleapis.com/2b/ef/cf/fc485125500990/US20200238239A1-20200730-D00000.png
US-2020238429-A1,Hot gaseous welder system and method ,"Safran Aerosystems Services Americas, LLC",James Wood Smith,2019-01-29,2019-01-29,2020-07-30,,https://patents.google.com/patent/US20200238429A1/en,https://patentimages.storage.googleapis.com/6a/02/22/7ee141f8ea86da/US20200238429A1-20200730-D00000.png
US-2021001699-A1,Molded surface fastener ,"Truxedo, Inc.",Michael R. Spencer,2019-01-08,2020-09-18,2021-01-07,,https://patents.google.com/patent/US20210001699A1/en,https://patentimages.storage.googleapis.com/79/51/d4/e74d3d1f905546/US20210001699A1-20210107-D00000.png
US-2021331630-A1,Silencing member for electrified vehicle ,Fujifilm Corporation,"Shinya Hakuta, Takafumi Hosokawa, Shogo Yamazoe",2019-01-11,2021-07-09,2021-10-28,,https://patents.google.com/patent/US20210331630A1/en,https://patentimages.storage.googleapis.com/51/cd/d4/c98e2676d3483b/US20210331630A1-20211028-D00000.png
US-2020216613-A1,Non-halogenated flame retardant polyamide compositions ,Ascend Performance Materials Operations Llc,Kimberly M. White,2019-01-07,2020-01-07,2020-07-09,,https://patents.google.com/patent/US20200216613A1/en,
US-2021380763-A1,Copolymers of poly(aryl ether sulfones) and polydimethylsiloxane ,"Solvay Specialty Polymers Usa, Llc, Solvay Sa","Kamlesh Nair, Joel Pollino, Stéphane Jeol, David B. Thomas",2019-01-15,2019-10-21,2021-12-09,,https://patents.google.com/patent/US20210380763A1/en,https://patentimages.storage.googleapis.com/d4/f0/31/dc579c690fb7a7/US20210380763A1-20211209-D00001.png
US-2020223176-A1,Belt comprising a fabric with bilateral satin weave ,Chiorino S.P.A.,Marco ZERBOLA,2019-01-11,2020-01-09,2020-07-16,,https://patents.google.com/patent/US20200223176A1/en,https://patentimages.storage.googleapis.com/b6/e0/69/4945a8b70d0e11/US20200223176A1-20200716-D00000.png
US-2020231866-A1,Composites for treating subterranean formations and processes of making and using the same ,"Baker Hughes, A Ge Company, Llc","Thomas Sodhi, D.V. Satyanarayana Gupta, John Howard MAYOR",2019-01-22,2019-01-22,2020-07-23,,https://patents.google.com/patent/US20200231866A1/en,
US-10653230-B1,Convertible backpack ,"Roffe Accessories, Inc.",Zhifeng Wang,2019-01-23,2019-01-23,2020-05-19,2020-05-19,https://patents.google.com/patent/US10653230B1/en,https://patentimages.storage.googleapis.com/d0/a1/28/b439090576e314/US10653230-20200519-D00000.png
US-2020219352-A1,Coin pad for coin processing system ,Cummins-Allison Corp.,"Douglas U. Mennie, John R. Blake, Ricky Newsom, James M. Rasmussen, Kevin M. CARRARA, Glenn S. Gordon",2019-01-04,2020-01-03,2020-07-09,,https://patents.google.com/patent/US20200219352A1/en,https://patentimages.storage.googleapis.com/6d/00/5b/e9593970a1c5cf/US20200219352A1-20200709-D00000.png
US-2020220162-A1,Alkali metal-sulfur secondary battery containing a non-electronically conductive anode-protecting layer ,"Nanotek Instruments, Inc.",Bor Z. Jang,2019-01-07,2019-01-07,2020-07-09,,https://patents.google.com/patent/US20200220162A1/en,https://patentimages.storage.googleapis.com/fa/16/3b/08674fc2fc0954/US20200220162A1-20200709-D00000.png
US-2020220196-A1,Method of improving the charge/discharge cycle life and safety of an alkali metal-sulfur secondary battery ,"Nanotek Instruments, Inc.",Bor Z. Jang,2019-01-07,2019-01-07,2020-07-09,,https://patents.google.com/patent/US20200220196A1/en,https://patentimages.storage.googleapis.com/80/77/23/32857ba960d9e4/US20200220196A1-20200709-D00000.png
US-2021228099-A1,Blood Flow Restriction Systems Having Wireless Monitoring and Control ,"Smart Tools Plus, LLC",Nicholas Colosi,2019-01-28,2021-01-12,2021-07-29,,https://patents.google.com/patent/US20210228099A1/en,https://patentimages.storage.googleapis.com/ef/61/cd/f3d8575a836b85/US20210228099A1-20210729-D00000.png
US-2020212426-A1,Graphite protected anode active material particles for rechargeable lithium batteries ,"Nanotek Instruments, Inc.",Bor Z. Jang,2019-01-02,2019-01-02,2020-07-02,,https://patents.google.com/patent/US20200212426A1/en,https://patentimages.storage.googleapis.com/68/e6/7a/d0a433d973220d/US20200212426A1-20200702-D00000.png
US-11189822-B2,Graphite protected anode active material particles for rechargeable lithium batteries ,"Global Graphene Group, Inc.",Bor Z. Jang,,2019-01-02,2021-11-30,2021-11-30,https://patents.google.com/patent/US11189822B2/en,https://patentimages.storage.googleapis.com/d4/e6/75/c4cc110bac9063/US11189822-20211130-D00000.png
US-10985366-B2,High-performance electroactive material within a sandwiched structure ,GM Global Technology Operations LLC,"Hamid G. Kia, Xiaosong Huang, Zhongyi Liu",2019-01-16,2019-01-16,2021-04-20,2021-04-20,https://patents.google.com/patent/US10985366B2/en,https://patentimages.storage.googleapis.com/39/b9/cc/1721008de376af/US10985366-20210420-D00000.png
US-2020207063-A1,Systems and methods for laminating can end stock ,Novelis Inc.,"Peter Spahn, Christian Tussing, Michael Heinemann, Dhiren Bhupatlal Ruparelia, Joerg Hoehne",2019-01-02,2019-12-20,2020-07-02,,https://patents.google.com/patent/US20200207063A1/en,https://patentimages.storage.googleapis.com/0d/49/11/467965a684894b/US20200207063A1-20200702-D00000.png
US-2020235420-A1,Lithium fluoride-based and related cathode compositions and batteries comprising the same ,Sila Nanotechnologies Inc.,"Gleb Yushin, Laura Gerber, Matthew Clark",2019-01-18,2020-01-21,2020-07-23,,https://patents.google.com/patent/US20200235420A1/en,https://patentimages.storage.googleapis.com/76/75/ee/a25caac7b177f8/US20200235420A1-20200723-D00000.png
US-2020222686-A1,"Devices, systems, and methods for delivering electrical current to the body ",palmm Co.,"Véronique Paule-Alberte Daniëlle Peiffer, Daniel Elliott Francis, Jarren Armond BALDWIN",2019-01-16,2020-01-16,2020-07-16,,https://patents.google.com/patent/US20200222686A1/en,https://patentimages.storage.googleapis.com/cd/2c/a2/b58f531a59a529/US20200222686A1-20200716-D00000.png
US-2021348088-A1,Multi-Component Cleaning System ,Henkel Ag & Co. Kgaa,"Arnd Kessler, Thomas Doering, Robert Ruiz Hernandez",2019-01-21,2021-07-21,2021-11-11,,https://patents.google.com/patent/US20210348088A1/en,https://patentimages.storage.googleapis.com/be/a5/02/ad1c9cc4b99c8f/US20210348088A1-20211111-D00000.png
US-2020223978-A1,Mono-alkylated diamines for epoxy formulations: novel curing agents for epoxy systems ,Evonik Operations Gmbh,"Gamini Ananda Vedage, Pritesh G. Patel, Jamie Schneck, Sebastian De Nardo, Steffen Kanzler",2019-01-11,2020-01-07,2020-07-16,,https://patents.google.com/patent/US20200223978A1/en,https://patentimages.storage.googleapis.com/7c/91/e3/ffef63edd03e56/US20200223978A1-20200716-D00001.png
US-2020237606-A1,Blood Flow Restriction System ,"Smart Tools Plus, LLC",Nicholas Colosi,2019-01-28,2020-01-27,2020-07-30,,https://patents.google.com/patent/US20200237606A1/en,https://patentimages.storage.googleapis.com/3d/4e/93/105d6a2b10020f/US20200237606A1-20200730-D00000.png
US-2020222053-A1,Cinch ligating assembly ,"United States Endoscopy Group, Inc.","Cynthia Ann Ranallo, Alex Uspenski, Reza Mohammadpour, Christopher J. KAYE",2019-01-11,2020-01-10,2020-07-16,,https://patents.google.com/patent/US20200222053A1/en,https://patentimages.storage.googleapis.com/8a/67/70/63f2dbbcaf9b0b/US20200222053A1-20200716-D00000.png
US-2020230674-A1,Methods of forming fiber-reinforced composite parts and fiber-reinforced composite parts formed thereby ,"Ford Global Technologies, Llc",Stephen Kowal,2019-01-17,2019-01-17,2020-07-23,,https://patents.google.com/patent/US20200230674A1/en,https://patentimages.storage.googleapis.com/9b/0c/bc/66a71876917876/US20200230674A1-20200723-D00000.png
US-2020217514-A1,Cooking appliance with an imaging device ,Whirlpool Corporation,"Alexander L. Clayton, Brandon Satanek, Michael Tsai, Christopher Cullen, Heng Tong Pit, Donald John GILMORE, Cristiano Vito Pastore, Matthew P. Ebrom, Pallavi Manjrekar, Bruce Wiatrak, John Doyle, Joshua Abdoo, Ariana Bruno, Neomar Giacomini, Tamara Distaso, Gianpiero Santacatterina, Seth Herndon",2019-01-04,2019-12-27,2020-07-09,,https://patents.google.com/patent/US20200217514A1/en,https://patentimages.storage.googleapis.com/30/8b/f9/2c194715db35b5/US20200217514A1-20200709-D00000.png
US-2020217621-A1,Ballistic protective helmet ,Busch PROtective Germany GmbH & Co. KG,"Edwin Busch, Sebastian Eichler, Karina Gevers",2019-01-08,2019-12-31,2020-07-09,,https://patents.google.com/patent/US20200217621A1/en,https://patentimages.storage.googleapis.com/c5/87/a7/f1c309535573dc/US20200217621A1-20200709-D00000.png
US-2020214858-A1,Stent with anti-migration feature ,"Boston Scientific Scimed, Inc.","Gary Gilmartin, Matthew MONTAGUE, Louis McNern, Michael Walsh, Geraldine TONER",2019-01-07,2020-01-06,2020-07-09,,https://patents.google.com/patent/US20200214858A1/en,https://patentimages.storage.googleapis.com/25/aa/e3/244f89e8c4726d/US20200214858A1-20200709-D00000.png
US-2020214866-A1,Stent delivery systems ,"Boston Scientific Scimed, Inc.","Nicholas Scott Steenwyk, Brady Scott Logan, Rowan Olund Hettel",2019-01-09,2020-01-08,2020-07-09,,https://patents.google.com/patent/US20200214866A1/en,https://patentimages.storage.googleapis.com/a4/62/3f/ccf29c8290a07f/US20200214866A1-20200709-D00000.png
US-2021367140-A1,Method for applying at least one silicone layer by laser transfer printing ,Wacker Chemie Ag,"Klaus Eller, Andreas Koellnberger, Johannes NEUWIRTH",2019-01-28,2019-01-28,2021-11-25,,https://patents.google.com/patent/US20210367140A1/en,https://patentimages.storage.googleapis.com/9b/c9/7e/c8b8d8fb4ebd70/US20210367140A1-20211125-D00000.png
US-2020221807-A1,Helmet with non-newtonian fluid liner system ,"Tate Technology, Llc","Jenny T. Morgan, Gerard E. Morgan, III",2019-01-10,2020-01-09,2020-07-16,,https://patents.google.com/patent/US20200221807A1/en,https://patentimages.storage.googleapis.com/69/ea/68/6df7000b71f982/US20200221807A1-20200716-D00000.png
US-2020224636-A1,Multi segment wind turbine blade joint bushing ,"Roller Bearing Company Of America, Inc.","Ryan Meeks, Jarrod McGuire, Elizabeth Westbrook",2019-01-16,2020-01-14,2020-07-16,,https://patents.google.com/patent/US20200224636A1/en,https://patentimages.storage.googleapis.com/61/c2/98/70d28f2ceff1dd/US20200224636A1-20200716-D00000.png
US-2020229953-A1,Bioabsorable filament medical devices ,"W. L. Gore & Associates, Inc.","Edward H. Cully, Jeffrey B. Duncan, Tom R. McDaniel, David J. Messick, Martin J. Sector",2019-01-18,2020-01-17,2020-07-23,,https://patents.google.com/patent/US20200229953A1/en,https://patentimages.storage.googleapis.com/7e/81/3b/14e075f4f99de7/US20200229953A1-20200723-D00000.png
US-2020229924-A1,Bioabsorable medical device ,"W. L. Gore & Associates, Inc.","Michael C. Chan, Edward H. Cully, Jeffrey B. Duncan, Byron K. Hayes, Samuel Joynson, Tom R. McDaniel, David J. Messick, Edward E. Shaw",2019-01-18,2020-01-17,2020-07-23,,https://patents.google.com/patent/US20200229924A1/en,https://patentimages.storage.googleapis.com/bb/22/69/d687595ec00843/US20200229924A1-20200723-D00000.png
US-10700459-B1,Circuit board flex cable system ,Dell Products L.P.,"Sandor Farkas, Bhyrav Mutnury",2019-01-24,2019-01-24,2020-06-30,2020-06-30,https://patents.google.com/patent/US10700459B1/en,https://patentimages.storage.googleapis.com/26/7d/b1/ad7190c654c6b3/US10700459-20200630-D00000.png
US-10876790-B2,Ballistic vest cooling assembly ,Curtis Fluellen,Curtis Fluellen,2019-01-03,2019-01-03,2020-12-29,2020-12-29,https://patents.google.com/patent/US10876790B2/en,https://patentimages.storage.googleapis.com/ac/d7/86/8b2a0d1bbe96ed/US10876790-20201229-D00000.png
US-2020230799-A1,Malleable cookware handle ,Tamesha Brown,Tamesha Brown,2019-01-18,2019-01-18,2020-07-23,,https://patents.google.com/patent/US20200230799A1/en,https://patentimages.storage.googleapis.com/7a/2b/e8/4c69ae137ff873/US20200230799A1-20200723-D00000.png
US-11142274-B1,"Recumbent bicycle and methods of riding employing supplemental upper body power, enhanced aerodynamics, stability, and control ",Ronald Alan Thompson,Ronald Alan Thompson,2019-01-03,2019-01-03,2021-10-12,2021-10-12,https://patents.google.com/patent/US11142274B1/en,https://patentimages.storage.googleapis.com/15/60/d3/3312d72e15f816/US11142274-20211012-D00000.png
US-2021098909-A1,Thin-film connectors for data acquisition system ,Verily Life Sciences Llc,"Bo Lu, Annapurna Karicherla, Huanfen Yao",2019-01-04,2020-12-15,2021-04-01,,https://patents.google.com/patent/US20210098909A1/en,https://patentimages.storage.googleapis.com/66/a4/63/f27f8b5518ee26/US20210098909A1-20210401-D00000.png
US-2021355696-A1,Transport anchor having a fibre-plastic composite material pressure element ,Econac Bvba,"Renzo De Bondt, Tom De Bondt",2019-01-28,2020-01-28,2021-11-18,,https://patents.google.com/patent/US20210355696A1/en,https://patentimages.storage.googleapis.com/45/81/e5/501e425913b627/US20210355696A1-20211118-D00000.png
US-2020237538-A1,Variable flow stent ,Mubin I. Syed,Mubin I. Syed,2019-01-28,2019-12-24,2020-07-30,,https://patents.google.com/patent/US20200237538A1/en,https://patentimages.storage.googleapis.com/3d/be/8b/e1987f38205212/US20200237538A1-20200730-D00000.png
US-2021363373-A1,Fabric coating composition ,"Hewlett-Packard Development Company, L.P.","Xiaoqi Zhou, Zhang-Lin Zhou",2019-01-11,2019-01-11,2021-11-25,,https://patents.google.com/patent/US20210363373A1/en,
US-2021246328-A1,Fixer composition ,"Hewlett-Packard Development Company, L.P.","Dennis Z. Guo, Jie Zheng",2019-01-09,2019-06-13,2021-08-12,,https://patents.google.com/patent/US20210246328A1/en,https://patentimages.storage.googleapis.com/ac/c7/34/d423c0f29442c4/US20210246328A1-20210812-D00000.png
US-2021262094-A1,Coating method for preventing degassing of aerospace part made of resin ,"Imtechnology.Co.,Ltd","Seung Kyun Ryu, Sook Eun BAEK",2019-01-08,2019-01-08,2021-08-26,,https://patents.google.com/patent/US20210262094A1/en,https://patentimages.storage.googleapis.com/b8/e2/ff/a63f9e4ee63ab7/US20210262094A1-20210826-D00000.png
US-2020229996-A1,Lightweight human transport device ,Matbock Llc,Zach Steinbock,2019-01-22,2019-01-22,2020-07-23,,https://patents.google.com/patent/US20200229996A1/en,https://patentimages.storage.googleapis.com/ae/bc/42/18764421bbba15/US20200229996A1-20200723-D00000.png
US-2020215772-A1,Reduced wrinkles in multi-section composite tank ,Goodrich Corporation,"Nathaniel Ching, Wenping Zhao, Jin Hu",2019-01-07,2019-11-13,2020-07-09,,https://patents.google.com/patent/US20200215772A1/en,https://patentimages.storage.googleapis.com/05/7f/58/dc9502dc5c5a7f/US20200215772A1-20200709-D00000.png
US-2020222212-A1,Stent including anti-migration capabilities ,"Boston Scientific Scimed, Inc.","Gary Gilmartin, Geraldine TONER, Daniel Tuck",2019-01-16,2020-01-15,2020-07-16,,https://patents.google.com/patent/US20200222212A1/en,https://patentimages.storage.googleapis.com/db/8e/d7/3119f73e7ce07d/US20200222212A1-20200716-D00000.png
US-2020235416-A1,"Method of producing frame equipped membrane electrode assembly, the frame equipped membrane electrode and fuel cell ","Honda Motor Co., Ltd.","Kentaro Ishida, Matthew BEUTEL, Yutaka Ebato, Masami Kurimoto, Kohei Yoshida",2019-01-18,2019-01-18,2020-07-23,,https://patents.google.com/patent/US20200235416A1/en,https://patentimages.storage.googleapis.com/92/9d/d6/4b0f3af1b0ca99/US20200235416A1-20200723-D00000.png
US-2020227082-A1,"Magnetic recording medium for microwave-assisted recording, magnetic recording device, and manufacturing method of magnetic recording medium ",Fujifilm Corporation,Kenji Naoi,2019-01-16,2020-01-10,2020-07-16,,https://patents.google.com/patent/US20200227082A1/en,https://patentimages.storage.googleapis.com/1a/94/e9/e4c73ee0b7e5ad/US20200227082A1-20200716-D00000.png
US-2021324144-A1,Composition and metal insulating cover material ,Mitsubishi Chemical Corporation,"Yu ECHIGO, Dai Aoki, Jiro SUGIYAMA",2019-01-29,2021-07-01,2021-10-21,,https://patents.google.com/patent/US20210324144A1/en,
US-2020218475-A1,"Data storage device, operating method thereof, and controller therefor ",SK Hynix Inc.,Sung Yeob Cho,2019-01-07,2019-09-20,2020-07-09,,https://patents.google.com/patent/US20200218475A1/en,https://patentimages.storage.googleapis.com/29/45/6c/98516a0643bb47/US20200218475A1-20200709-D00000.png
US-2020220172-A1,A rechargeable lithium-ion battery chemistry with fast charge capability and high energy density ,GM Global Technology Operations LLC,"Xingcheng Xiao, Li Yang, Gayatri V. Dadheech, Gongshin Qi, Mark W. Verbrugge, Sherman H. Zeng",2019-01-09,2019-01-09,2020-07-09,,https://patents.google.com/patent/US20200220172A1/en,https://patentimages.storage.googleapis.com/7c/ee/72/eee0ee1df315f2/US20200220172A1-20200709-D00000.png
US-2020218646-A1,System and method of fpga-executed flash translation layer in multiple solid state drives ,Alibaba Group Holding Limited,Shu Li,2019-01-04,2019-01-04,2020-07-09,,https://patents.google.com/patent/US20200218646A1/en,https://patentimages.storage.googleapis.com/68/8e/33/cbab4a334bc9b0/US20200218646A1-20200709-D00000.png
US-2021332911-A1,"Electronic Valve, Valve Body Structure, Valve, Valve Core, and Integral Valve Core Structure of Electronic Valve ","Zhejiang Yinlun Machinery Co., Ltd.",Jun Ma,2019-01-07,2021-07-07,2021-10-28,,https://patents.google.com/patent/US20210332911A1/en,https://patentimages.storage.googleapis.com/b7/4b/93/ca352ad331dcf1/US20210332911A1-20211028-D00000.png
US-10676161-B1,Boat tethering and launching device ,Steve Loehrig,Steve Loehrig,2019-01-17,2019-01-17,2020-06-09,2020-06-09,https://patents.google.com/patent/US10676161B1/en,https://patentimages.storage.googleapis.com/1f/bf/1e/0fc8f97644b90c/US10676161-20200609-D00000.png
US-2020217342-A1,Method and apparatus for joining composite panels ,The Boeing Company,"Sean Richard Cysewski, Christopher Blaine Barney",2019-01-05,2019-01-05,2020-07-09,,https://patents.google.com/patent/US20200217342A1/en,https://patentimages.storage.googleapis.com/37/d6/30/4e3233e7468bb5/US20200217342A1-20200709-D00000.png
US-2020233078-A1,Bullet detection system ,United Arab Emirates University,"Mohammed Abdulhakeem Alameri, Abdulrahim Ahmed Mohammed",2019-01-18,2019-09-13,2020-07-23,,https://patents.google.com/patent/US20200233078A1/en,https://patentimages.storage.googleapis.com/ee/27/96/c59800420d4b0b/US20200233078A1-20200723-D00000.png
US-2020218455-A1,Data storage device and operating method thereof ,SK Hynix Inc.,"Young Ick CHO, Byeong Gyu Park, Sung Kwan Hong",2019-01-07,2019-09-26,2020-07-09,,https://patents.google.com/patent/US20200218455A1/en,https://patentimages.storage.googleapis.com/fb/1e/9f/b966f01f3b2fbb/US20200218455A1-20200709-D00000.png
US-2020242023-A1,Semiconductor storage device ,Winbond Electronics Corp.,Norio Hattori,2019-01-29,2019-11-12,2020-07-30,,https://patents.google.com/patent/US20200242023A1/en,https://patentimages.storage.googleapis.com/0b/77/bc/df0d6222750023/US20200242023A1-20200730-D00000.png
US-2020214620-A1,Method and apparatus for skin assessment ,Elizabeth Maureen Gallagher,Elizabeth Maureen Gallagher,2019-01-08,2019-04-19,2020-07-09,,https://patents.google.com/patent/US20200214620A1/en,https://patentimages.storage.googleapis.com/3e/0c/06/3bfeee8ff6e3f1/US20200214620A1-20200709-D00000.png
US-2021344132-A1,Shielded electrical connector system with internal spring component ,"Royal Precision Products, Llc","Slobodan Pavlovic, Mohamad Zeidan, Brantley Natter, James Dawson",2019-01-15,2021-07-15,2021-11-04,,https://patents.google.com/patent/US20210344132A1/en,https://patentimages.storage.googleapis.com/5e/45/03/658f1a2307e116/US20210344132A1-20211104-D00000.png
US-2020216666-A1,"Thermoplastic composition, method for the manufacture thereof, and articles including the thermoplastic composition ",Sabic Global Technologies B.V.,"Mingcheng Guo, Ying Na",2019-01-03,2019-11-08,2020-07-09,,https://patents.google.com/patent/US20200216666A1/en,
US-2021238412-A1,Ultralow-gloss pc/abs resin composition and preparation method thereof ,"Shanghai Kumhosunny Plastics Co., Ltd.","Huilin QIN, Qiang Li, Minqi XIN",2019-01-09,2019-01-18,2021-08-05,,https://patents.google.com/patent/US20210238412A1/en,
US-2020240532-A1,Valve having streamlined fluid flow space ,Sang Seon Lee,Sang Seon Lee,2019-01-25,2020-01-16,2020-07-30,,https://patents.google.com/patent/US20200240532A1/en,https://patentimages.storage.googleapis.com/92/4f/38/04dbf3c332ae76/US20200240532A1-20200730-D00000.png
US-2020238449-A1,Valve for preventing distortion ,Sang Seon Lee,Sang Seon Lee,2019-01-25,2020-01-16,2020-07-30,,https://patents.google.com/patent/US20200238449A1/en,https://patentimages.storage.googleapis.com/6a/23/ea/4f607b09e3f137/US20200238449A1-20200730-D00000.png
US-2020209093-A1,"Sensor device for measuring fluid and fluid conduit properties, and method for activating the sensor device ",Ingu Solutions Inc.,"Johannes Hubertus Gerardus Van Pol, Anouk van Pol, Huibert Aren Bogerman",2019-01-02,2019-11-19,2020-07-02,,https://patents.google.com/patent/US20200209093A1/en,https://patentimages.storage.googleapis.com/37/35/5c/01b7353dbdfa05/US20200209093A1-20200702-D00000.png
US-2021265074-A1,Stretchable electronics and methods of making the same ,Carnegie Mellon University,"Carmel Majidi, Chengfeng Pan, Kitty KUMAR",2019-01-23,2021-04-26,2021-08-26,,https://patents.google.com/patent/US20210265074A1/en,https://patentimages.storage.googleapis.com/65/87/55/db8385b02fb1e2/US20210265074A1-20210826-D00000.png
US-10784026-B2,PPTC composition and device having low switch temperature and sharp crystallization behaviour ,"Littelfuse, Inc.","Edward W. Rutter, Jr., Yuriy B. Matus, Martin Pineda",2019-01-20,2019-01-20,2020-09-22,2020-09-22,https://patents.google.com/patent/US10784026B2/en,https://patentimages.storage.googleapis.com/8b/f7/30/eda3a14d8c23d6/US10784026-20200922-D00000.png
US-2020235418-A1,Fuel cell stack ,"Honda Motor Co., Ltd.","Hideharu NAITO, Kosuke Takagi",2019-01-23,2020-01-21,2020-07-23,,https://patents.google.com/patent/US20200235418A1/en,https://patentimages.storage.googleapis.com/07/53/07/be33107b1abee8/US20200235418A1-20200723-D00000.png
US-2021298564-A1,"Flexible tube for endoscope, endoscopic medical device, and methods for producing the same ",Fujifilm Corporation,"Yoshihiro Nakai, Toshihide Yoshitani, Shinya Abe, Kazuma Horita, Takeshi Senga",2019-01-16,2021-06-10,2021-09-30,,https://patents.google.com/patent/US20210298564A1/en,https://patentimages.storage.googleapis.com/44/73/ba/7f1b2d989707f6/US20210298564A1-20210930-D00000.png
US-2020234850-A1,Flame resistant data cables and related methods ,Comtran Cable Llc,"Rama Krishna Nippani, Paulette Blagburn, Eric Joseph O'Brien, James Scott Conrad",2019-01-18,2019-01-18,2020-07-23,,https://patents.google.com/patent/US20200234850A1/en,https://patentimages.storage.googleapis.com/98/bb/90/a815a688e03945/US20200234850A1-20200723-D00000.png
US-2020225882-A1,"System and method for compaction-less key-value store for improving storage capacity, write amplification, and i/o performance ",Alibaba Group Holding Limited,Shu Li,2019-01-16,2019-01-16,2020-07-16,,https://patents.google.com/patent/US20200225882A1/en,https://patentimages.storage.googleapis.com/4b/3f/ed/519d33f65b52c7/US20200225882A1-20200716-D00000.png
US-2020227083-A1,"Hexagonal strontium ferrite powder, magnetic recording medium, and magnetic recording and reproducing apparatus ",Fujifilm Corporation,"Kenji Naoi, Masashi Shirata",2019-01-11,2020-01-08,2020-07-16,,https://patents.google.com/patent/US20200227083A1/en,
US-2021298565-A1,"Flexible tube for endoscope, endoscopic medical device, and methods for producing the same ",Fujifilm Corporation,"Yoshihiro Nakai, Shinya Abe",2019-01-16,2021-06-10,2021-09-30,,https://patents.google.com/patent/US20210298565A1/en,https://patentimages.storage.googleapis.com/cd/89/68/6edd59c265e649/US20210298565A1-20210930-D00000.png
US-2021290034-A1,"Flexible tube for endoscope, endoscopic medical device, and methods for producing the same ",Fujifilm Corporation,"Yoshihiro Nakai, Toshihide Yoshitani, Shinya Abe, Kazuma Horita, Takeshi Senga",2019-01-16,2021-06-10,2021-09-23,,https://patents.google.com/patent/US20210290034A1/en,https://patentimages.storage.googleapis.com/dc/79/73/cea6df90d46f5b/US20210290034A1-20210923-D00000.png
US-2021189603-A1,Cellulose and semi-cellulose based fibers and yarns embedded with mineral particles and methods of making the same ,"Hologenix, Llc",David HORINEK,2019-01-16,2021-03-08,2021-06-24,,https://patents.google.com/patent/US20210189603A1/en,https://patentimages.storage.googleapis.com/be/62/e9/223e7ed5e2e93f/US20210189603A1-20210624-D00000.png
US-2020243959-A1,Antenna structure and display device including the same ,"Dongwoo Fine-Chem Co., Ltd., POSTECH Research and Business Development Foundation","Han Sub Ryu, Yun Seok Oh, Young Jun Lee, Won Bin HONG",2019-01-22,2020-04-20,2020-07-30,,https://patents.google.com/patent/US20200243959A1/en,https://patentimages.storage.googleapis.com/f8/dc/4f/6f56b07db62a98/US20200243959A1-20200730-D00000.png
US-2020243710-A1,Method of manufacturing light emitting devices ,Nichia Corporation,"Hiroyuki Tanaka, Yasuo Kato, Kazuya Matsuda",2019-01-28,2020-01-28,2020-07-30,,https://patents.google.com/patent/US20200243710A1/en,https://patentimages.storage.googleapis.com/fe/8b/2c/abbdf5dd7e22e1/US20200243710A1-20200730-D00000.png
US-2020240432-A1,Casing for preventing distortion and pump including the same ,Sang Seon Lee,Sang Seon Lee,2019-01-25,2020-01-21,2020-07-30,,https://patents.google.com/patent/US20200240432A1/en,https://patentimages.storage.googleapis.com/b4/41/81/c9b3b44867105f/US20200240432A1-20200730-D00000.png
US-2020243711-A1,Method for manufacturing light-emitting device ,Nichia Corporation,"Yoshiki Sato, Masaaki Katsumata, Shinichi DAIKOKU, Yoshikazu Matsuda, Ryuma MARUME, Eiko Minato",2019-01-29,2020-01-28,2020-07-30,,https://patents.google.com/patent/US20200243711A1/en,https://patentimages.storage.googleapis.com/74/0c/d7/f74a9df4025825/US20200243711A1-20200730-D00000.png
US-2020240503-A1,"Gear for use in a gear transmission, gear pairing of a gear transmission and gear transmission with such a gear pair ",Ims Gear Se & Co. Kgaa,"Adrian Rieple, Matthias Koop, Sebastian Birk, Stephan Oberle",2019-01-28,2020-01-28,2020-07-30,,https://patents.google.com/patent/US20200240503A1/en,https://patentimages.storage.googleapis.com/56/d0/e0/81c3b867366a32/US20200240503A1-20200730-D00000.png
US-2020224041-A1,Temporary protective coatings and methods ,The Boeing Company,"Andrew M. Zweig, Eric A. Bruton",2019-01-10,2019-01-10,2020-07-16,,https://patents.google.com/patent/US20200224041A1/en,https://patentimages.storage.googleapis.com/8d/89/1e/62138941670d2f/US20200224041A1-20200716-D00000.png
US-2020157421-A1,Composite polymer/perovskite quantum dots luminescent material ,Tarbiat Modares University,"Ahdieh Amjadi, Tahereh Ashjari, Farzaneh Arabpour Roghabadi, Vahid Ahmadi, Mahdi Salami hosseini, Kiyumars Jalili",2019-01-23,2020-01-23,2020-05-21,,https://patents.google.com/patent/US20200157421A1/en,https://patentimages.storage.googleapis.com/03/a6/e2/94e502156180f6/US20200157421A1-20200521-D00000.png
US-2020206695-A1,Layered cdc-polyamide membrane and its make and use ,King Fahd University Of Petroleum And Minerals,"Isam H. Aljundi, Abdelrahman M. Awad",2019-01-02,2019-01-02,2020-07-02,,https://patents.google.com/patent/US20200206695A1/en,https://patentimages.storage.googleapis.com/b2/1d/d8/6da0341b335b33/US20200206695A1-20200702-D00000.png
US-2020227603-A1,Light emitting diode packages ,"Cree, Inc.","Arthur F. Pun, Colin Blakely, Kyle Damborsky, Jae-Hyung Jeremiah Park",2019-01-16,2019-01-16,2020-07-16,,https://patents.google.com/patent/US20200227603A1/en,https://patentimages.storage.googleapis.com/c7/42/9f/3203cc66a08769/US20200227603A1-20200716-D00000.png
