search URL:,https://patents.google.com/?q=glass+fiber&country=US&before=priority:20201231&after=priority:20201201&language=ENGLISH
id,title,assignee,inventor/author,priority date,filing/creation date,publication date,grant date,result link,representative figure link
US-11131042-B1,High tenacity yarn and method of manufacturing glove using same ,Yong Gun KIM,Yong Gun KIM,2020-12-16,2021-03-11,2021-09-28,2021-09-28,https://patents.google.com/patent/US11131042B1/en,https://patentimages.storage.googleapis.com/38/87/86/0854bd1d5de22f/US11131042-20210928-D00000.png
US-2021110310-A1,Methods and apparatus to verify trained models in an edge environment ,Intel Corporation,"Francesc Guim Bernat, Ned M. Smith, Karthik Kumar, Sunil Cheruvu, Timothy Verrall",2020-12-22,2020-12-22,2021-04-15,,https://patents.google.com/patent/US20210110310A1/en,https://patentimages.storage.googleapis.com/0a/82/3c/2872ea96308f22/US20210110310A1-20210415-D00000.png
US-2021343287-A1,"Voice processing method, apparatus, device and storage medium for vehicle-mounted device ","Apollo Intelligent Connectivity (Beijing) Technology Co., Ltd.","Kun Wang, Xueyan HE, Wence HE",2020-12-22,2021-07-13,2021-11-04,,https://patents.google.com/patent/US20210343287A1/en,https://patentimages.storage.googleapis.com/d5/27/26/bd869ac021bcf4/US20210343287A1-20211104-D00000.png
US-10992094-B1,Universal DC power adaptor ,"Lat Enterprises, Inc.","Laura Thiel, Giancarlo Urzi, Carlos Cid",2020-12-04,2020-12-04,2021-04-27,2021-04-27,https://patents.google.com/patent/US10992094B1/en,https://patentimages.storage.googleapis.com/cd/db/1d/1f6e0a87f60035/US10992094-20210427-D00000.png
US-11163375-B1,Slider structure for a mechanical keyboard ,Logitech Europe S.A.,"Feng-Hao Lin, Kuan Chieh Liang, Yu-Chun Sun",2020-12-29,2020-12-29,2021-11-02,2021-11-02,https://patents.google.com/patent/US11163375B1/en,https://patentimages.storage.googleapis.com/9f/c9/c3/d27f7d73dd093f/US11163375-20211102-D00000.png
US-2021372012-A1,Woven multi-layer fabrics for use with ballistic threats ,Barrday Inc.,"Shekoufeh Shahkarami, Joseph Krummel",,2020-12-15,2021-12-02,,https://patents.google.com/patent/US20210372012A1/en,https://patentimages.storage.googleapis.com/ae/e3/88/5993bcede23256/US20210372012A1-20211202-D00001.png
US-11084961-B2,Highly flame-retardant adhesive for high polymer materials ,Shandong University,"Haifeng LU, Chuanjian Zhou, Hua Wang, Shengyu Feng, Chen An, Yuan Qu, Fanzhen Kong, Qingming Zeng",2020-12-09,2021-03-16,2021-08-10,2021-08-10,https://patents.google.com/patent/US11084961B2/en,https://patentimages.storage.googleapis.com/bb/ee/60/4f7bd31cac63a1/US11084961-20210810-D00001.png
US-11192314-B2,Method for hybrid preforms ,Arris Composites Inc.,"Ethan Escowitz, Riley Reese, Erick Davidson, J. Scott PERKINS",,2020-12-16,2021-12-07,2021-12-07,https://patents.google.com/patent/US11192314B2/en,https://patentimages.storage.googleapis.com/6c/93/2a/bf1a9f28a86d36/US11192314-20211207-D00000.png
US-2021132306-A1,Shallow-profile optical elements for photonics receivers ,Intel Corporation,"Alexander Krichevsky, John M. Heck",2020-12-11,2020-12-11,2021-05-06,,https://patents.google.com/patent/US20210132306A1/en,https://patentimages.storage.googleapis.com/f5/26/23/a7698934ca2375/US20210132306A1-20210506-D00000.png
US-11191354-B2,Adjustable height desk with acoustical dome ,"Xybix Systems, Inc.","David R. Carson, Barry R. Carson, Steve Holan",,2020-12-15,2021-12-07,2021-12-07,https://patents.google.com/patent/US11191354B2/en,https://patentimages.storage.googleapis.com/db/6e/3d/66ffeabb7c1978/US11191354-20211207-D00000.png
US-2021385122-A1,Heirarchical data storage and correlation system for correlating and storing sensory events in a security and safety system ,SecureNet Solutions Group LLC,"John J. Donovan, Daniar Hussain",,2020-12-07,2021-12-09,,https://patents.google.com/patent/US20210385122A1/en,https://patentimages.storage.googleapis.com/d6/d3/13/8e375d0643404d/US20210385122A1-20211209-D00000.png
US-2021090275-A1,"Apparatus, system, and method for partitioned neural network using programmable heterogeneous heterostructures ",Intel Corporation,"Justin W. Hogaboam, Narayan Srinivasa",2020-12-08,2020-12-08,2021-03-25,,https://patents.google.com/patent/US20210090275A1/en,https://patentimages.storage.googleapis.com/08/24/cd/8c2f1baf717c6c/US20210090275A1-20210325-D00000.png
US-2021120663-A1,Diminished printed circuit board (pcb) warpage ,Intel Corporation,"Jonathan W. Thibado, John C. Gulick, Emery E. Frey",2020-12-23,2020-12-23,2021-04-22,,https://patents.google.com/patent/US20210120663A1/en,https://patentimages.storage.googleapis.com/74/7d/e2/c3e00a2645f133/US20210120663A1-20210422-D00000.png
US-11089927-B1,Brushless vacuum device ,"Awesome Things That Work, LLC",Joseph C. Neill,2020-12-07,2020-12-07,2021-08-17,2021-08-17,https://patents.google.com/patent/US11089927B1/en,https://patentimages.storage.googleapis.com/37/42/8e/67713aef199830/US11089927-20210817-D00000.png
US-11193474-B1,Air powered electric generator ,Bizhub Group LLC,Peter Mark Evans,,2020-12-17,2021-12-07,2021-12-07,https://patents.google.com/patent/US11193474B1/en,https://patentimages.storage.googleapis.com/d6/ab/93/27c117865faac2/US11193474-20211207-D00000.png
US-2021381490-A1,Air Powered Electric Generator ,Bizhub Group LLC,Peter Mark Evans,,2020-12-17,2021-12-09,,https://patents.google.com/patent/US20210381490A1/en,https://patentimages.storage.googleapis.com/75/12/ee/0e2b95fb1bb8cf/US20210381490A1-20211209-D00000.png
US-2021379820-A1,Jetted material printer with pressure-assisted fluid extraction ,Sakuu Corporation,"Philip Eugene Rogren, Morteza Vatani, Ronald Anthony Rojeski",,2020-12-15,2021-12-09,,https://patents.google.com/patent/US20210379820A1/en,https://patentimages.storage.googleapis.com/6e/07/32/86a5bde916de36/US20210379820A1-20211209-D00000.png
US-11187511-B1,Releasable erosion enhancing mechanism ,"The United States Of America, As Represented By The Secretary Of The Navy","Benjamin M. Blazek, Lee R. Hardt, Carl A. Weinstein",,2020-12-14,2021-11-30,2021-11-30,https://patents.google.com/patent/US11187511B1/en,https://patentimages.storage.googleapis.com/8d/ef/1e/47c260fd4c1bc5/US11187511-20211130-D00000.png
US-11137610-B1,"System, method, and non-transitory computer-readable storage media related wearable pupil-forming display apparatus with variable opacity and dynamic focal length adjustment ","Raytrx, Llc","David Kessler, Michael H. Freeman, Jordan Boss, Mitchael C. Freeman, Steven Yeager",2020-12-24,2020-12-24,2021-10-05,2021-10-05,https://patents.google.com/patent/US11137610B1/en,https://patentimages.storage.googleapis.com/ae/ef/00/b26587308dff3d/US11137610-20211005-D00000.png
US-2021092069-A1,Accelerating multi-node performance of machine learning workloads ,Intel Corporation,"Malek MUSLEH, Anupama Kurpad, Roberto PENARANDA CEBRIAN, Allister Alemania, Pedro YEBENES SEGURA, Curt E. BRUNS, Robert Southworth, Sujoy Sen",2020-12-10,2020-12-10,2021-03-25,,https://patents.google.com/patent/US20210092069A1/en,https://patentimages.storage.googleapis.com/d3/46/f7/fd9d6c431e5d54/US20210092069A1-20210325-D00000.png
US-2021117247-A1,Dynamic resource management mechanism ,Intel Corporation,"Selvakumar Panneer, Pradeep Pappachan, Reshma Lal",2020-12-24,2020-12-24,2021-04-22,,https://patents.google.com/patent/US20210117247A1/en,https://patentimages.storage.googleapis.com/a9/94/64/74299f3731b01c/US20210117247A1-20210422-D00000.png
US-2021294320-A1,Data acquisition method and apparatus ,"Beijing Baidu Netcom Science Technology Co., Ltd.","Houqiang ZHU, Pengfei WEI, Jia SONG, Jingang Yan",2020-12-18,2021-06-04,2021-09-23,,https://patents.google.com/patent/US20210294320A1/en,https://patentimages.storage.googleapis.com/76/38/60/75f778c0a152b6/US20210294320A1-20210923-D00000.png
US-2021371700-A1,Compositition for preparing a release coating ,Dow Silicones Corporation,"Zhenbin NIU, Nanguo Liu, Travis Sunderland, David Rich, Pierre Chevalier, Sze-Sze Ng, Alex Knott",,2020-12-02,2021-12-02,,https://patents.google.com/patent/US20210371700A1/en,
US-2021371535-A1,Modulators of ror1-ror2 binding ,The Regents Of The University Of California,"Thomas J. Kipps, Jian Yu",,2020-12-21,2021-12-02,,https://patents.google.com/patent/US20210371535A1/en,https://patentimages.storage.googleapis.com/c3/e0/27/1e6669d749a8b3/US20210371535A1-20211202-D00000.png
US-2021117334-A1,Memory controller to manage quality of service enforcement and migration between local and pooled memory ,Intel Corporation,"Francesc Guim Bernat, Karthik Kumar, Mark A. Schmisseur",2020-12-23,2020-12-23,2021-04-22,,https://patents.google.com/patent/US20210117334A1/en,https://patentimages.storage.googleapis.com/21/3f/72/679f0c441b63ae/US20210117334A1-20210422-D00000.png
US-11040411-B1,Depth gauge ,Joshua D. Fenick,Joshua D. Fenick,2020-12-04,2020-12-04,2021-06-22,2021-06-22,https://patents.google.com/patent/US11040411B1/en,https://patentimages.storage.googleapis.com/21/0f/ed/4c28c4a275f854/US11040411-20210622-D00000.png
US-11165389-B1,Wideband voltage-controlled oscillator circuitry ,Apple Inc.,"Abbas Komijani, Hongrui Wang, Sohrab Emami-Neyestanak",2020-12-22,2020-12-22,2021-11-02,2021-11-02,https://patents.google.com/patent/US11165389B1/en,https://patentimages.storage.googleapis.com/13/6b/62/9db9f874031dcf/US11165389-20211102-D00000.png
US-2021141703-A1,Persistent data structure to track and manage ssd defects ,Intel Corporation,"Naveen Vittal Prabhu, Aliasgar Madraswala, Rohit Shenoy, Shankar Natarajan, Arun S. Athreya",2020-12-24,2020-12-24,2021-05-13,,https://patents.google.com/patent/US20210141703A1/en,https://patentimages.storage.googleapis.com/a3/07/c7/e0ebd777c152cc/US20210141703A1-20210513-D00000.png
US-2021209035-A1,Memory accesses using a memory hub ,Intel Corporation,"Duane E. Galbi, Matthew J. Adiletta, Hugh Wilkinson, Patrick Connor",2020-12-26,2021-03-25,2021-07-08,,https://patents.google.com/patent/US20210209035A1/en,https://patentimages.storage.googleapis.com/f9/2c/a2/52823713ec7b3b/US20210209035A1-20210708-D00000.png
US-2021109679-A1,Low overhead memory content estimation ,Intel Corporation,"Francesc Guim Bernat, Karthik Kumar, Thomas Willhalm, Piotr Wysocki",2020-12-18,2020-12-18,2021-04-15,,https://patents.google.com/patent/US20210109679A1/en,https://patentimages.storage.googleapis.com/da/c8/42/c5944a07bb709e/US20210109679A1-20210415-D00000.png
US-2021157626-A1,Prioritizing booting of virtual execution environments ,Intel Corporation,"Amruta MISRA, Chris Macnamara, John J. Browne, Liang Ma, Shobhi JAIN, David Hunt",2020-12-26,2021-02-02,2021-05-27,,https://patents.google.com/patent/US20210157626A1/en,https://patentimages.storage.googleapis.com/d8/3c/57/3c98aed8656023/US20210157626A1-20210527-D00000.png
US-11153945-B1,Facility occupancy detection with thermal grid sensor ,"Zurn Industries, Llc, Whiffaway Ltd","Brandon Feil, Anthony G. Wilcox, Arindam Chakraborty, Glen Trickle, James McLean, Sebastian Marshall, Paul Johnston",2020-12-14,2020-12-14,2021-10-19,2021-10-19,https://patents.google.com/patent/US11153945B1/en,https://patentimages.storage.googleapis.com/ce/f9/c7/67b6928f00d03c/US11153945-20211019-D00000.png
US-2021149821-A1,Address translation technologies ,Intel Corporation,"Bo Cui, Chris M. WOLF, Ren Wang, Kaijie Guo",2020-12-23,2020-12-23,2021-05-20,,https://patents.google.com/patent/US20210149821A1/en,https://patentimages.storage.googleapis.com/b0/e5/bf/240bf4b535e721/US20210149821A1-20210520-D00000.png
US-2021082535-A1,Variable error correction codeword packing to support bit error rate targets ,Intel Corporation,"Ravi Motwani, Pranav Kalavade, Rohit Shenoy, Rifat Ferdous",2020-12-02,2020-12-02,2021-03-18,,https://patents.google.com/patent/US20210082535A1/en,https://patentimages.storage.googleapis.com/a0/8b/67/75149a07d67a6d/US20210082535A1-20210318-D00000.png
US-2021117578-A1,"Apparatus, systems, and methods to protect hardware and software ",Intel Corporation,"Sunil Cheruvu, Ria Cheruvu, Kshitij Doshi, Francesc Guim Bernat, Ned Smith, Anahit Tarkhanyan",2020-12-23,2020-12-23,2021-04-22,,https://patents.google.com/patent/US20210117578A1/en,https://patentimages.storage.googleapis.com/c9/9f/5b/d2640882a1562c/US20210117578A1-20210422-D00000.png
US-2021382059-A1,Aptamers and uses thereof ,"Caris Science, Inc.","David HALBERT, Valeriy Domenyuk, David Spetzler, Tassilo Hornung, Frank Schäfer, Nianqing Xiao",,2020-12-21,2021-12-09,,https://patents.google.com/patent/US20210382059A1/en,https://patentimages.storage.googleapis.com/8d/16/7b/8fc0d9946db473/US20210382059A1-20211209-D00001.png
US-2021225374-A1,Method and system of environment-sensitive wake-on-voice initiation using ultrasound ,Intel Corporation,"Sumod Cherukkate, Srikanth Potluri, Ajesh K K, Xintian Lin",2020-12-23,2020-12-23,2021-07-22,,https://patents.google.com/patent/US20210225374A1/en,https://patentimages.storage.googleapis.com/aa/26/7b/7d8b0d4b872aee/US20210225374A1-20210722-D00000.png
US-11075574-B1,Non-conductive shaft generator ,"Altec Industries, Inc.","Aaron Beck, William Naber, Timothy J. Mourlam",2020-12-29,2020-12-29,2021-07-27,2021-07-27,https://patents.google.com/patent/US11075574B1/en,https://patentimages.storage.googleapis.com/99/c3/ea/59f01f26eb180e/US11075574-20210727-D00000.png
US-2021112543-A1,Method and apparatus used in wlans ,Intel Corporation,"Dibakar Das, Dmitry Akhmetov, Laurent Cariou, Po-Kai Huang",2020-12-22,2020-12-22,2021-04-15,,https://patents.google.com/patent/US20210112543A1/en,https://patentimages.storage.googleapis.com/4e/56/65/c26908dc347e4a/US20210112543A1-20210415-D00000.png
US-2021120432-A1,Method and apparatus used in wlans ,Intel Corporation,"Laurent Cariou, Daniel Bravo, Xiaogang Chen, Po-Kai Huang, Ehud Reshef",2020-12-23,2020-12-23,2021-04-22,,https://patents.google.com/patent/US20210120432A1/en,https://patentimages.storage.googleapis.com/d5/bd/94/0da4e946b08a96/US20210120432A1-20210422-D00000.png
US-2021120457-A1,Method and apparatus used in wlan networks ,Intel Corporation,"Necati Canpolat, Dave Cavalcanti, Cheng Chen, Dibakar Das, Chittabrata Ghosh, Ganesh Venkatesan",2020-12-24,2020-12-24,2021-04-22,,https://patents.google.com/patent/US20210120457A1/en,https://patentimages.storage.googleapis.com/81/97/5f/81ef24a9814072/US20210120457A1-20210422-D00000.png
US-2021120410-A1,Apparatus and method for wi-fi network profile verification ,Intel Corporation,"Stanislav Gens, Roi Fridburg, Preston Hunt, Ido Ouzieli, Emily Qi, Ehud Reshef, Izoslav Tchigevsky",2020-12-23,2020-12-23,2021-04-22,,https://patents.google.com/patent/US20210120410A1/en,https://patentimages.storage.googleapis.com/cf/cc/14/9dfbd4cc7801db/US20210120410A1-20210422-D00000.png
US-2021120455-A1,Method and apparatus used in wlans ,Intel Corporation,"Dibakar Das, Danny Alexander, Chittabrata Ghosh, Arik Klein",2020-12-24,2020-12-24,2021-04-22,,https://patents.google.com/patent/US20210120455A1/en,https://patentimages.storage.googleapis.com/5a/3c/98/e64c1775048289/US20210120455A1-20210422-D00000.png
US-2021120612-A1,Association identification re-assignment ,"Minyoung Park, Laurent Cariou, Po-Kai Huang, Alexander MIN","Minyoung Park, Laurent Cariou, Po-Kai Huang, Alexander MIN",2020-12-24,2020-12-24,2021-04-22,,https://patents.google.com/patent/US20210120612A1/en,https://patentimages.storage.googleapis.com/b5/8f/ba/55a1c463183b15/US20210120612A1-20210422-D00000.png
US-2021112615-A1,Multi-link device data continuity ,"Po-Kai Huang, Daniel Bravo, Ofer Schreiber, Arik Klein, Laurent Cariou, Robert Stacey","Po-Kai Huang, Daniel Bravo, Ofer Schreiber, Arik Klein, Laurent Cariou, Robert Stacey",2020-12-18,2020-12-18,2021-04-15,,https://patents.google.com/patent/US20210112615A1/en,https://patentimages.storage.googleapis.com/71/69/f8/f1173b6be49d40/US20210112615A1-20210415-D00000.png
US-2021320752-A1,Method and apparatus used in wlans ,Intel Corporation,"Xiaogang Chen, Laurent Cariou, Cheng Chen, Thomas Kenney, Qinghua Li",2020-12-14,2020-12-14,2021-10-14,,https://patents.google.com/patent/US20210320752A1/en,https://patentimages.storage.googleapis.com/64/a9/c1/01e05aa50edfb6/US20210320752A1-20211014-D00000.png
US-2021100053-A1,Method of multi-link power save indication ,"Minyoung Park, Laurent Cariou, Po-Kai Huang, Alexander MIN","Minyoung Park, Laurent Cariou, Po-Kai Huang, Alexander MIN",2020-12-14,2020-12-14,2021-04-01,,https://patents.google.com/patent/US20210100053A1/en,https://patentimages.storage.googleapis.com/39/f7/e2/0ff8d139df30e9/US20210100053A1-20210401-D00000.png
US-2021084667-A1,Preemption mechanism for wlan ,Intel Corporation,"Daniel Bravo, Laurent Cariou, Thomas Kenney, Robert Stacey",2020-12-02,2020-12-02,2021-03-18,,https://patents.google.com/patent/US20210084667A1/en,https://patentimages.storage.googleapis.com/bc/66/66/6ddd214e6cadc6/US20210084667A1-20210318-D00000.png
US-2021204140-A1,Apparatus and method for coexistence between wi-fi communication and bluetooth communication ,Intel Corporation,"Chittabrata Ghosh, Harish Balasubramaniam, Carlos Cordeiro",2020-12-24,2020-12-24,2021-07-01,,https://patents.google.com/patent/US20210204140A1/en,https://patentimages.storage.googleapis.com/b9/d4/b6/1dc8380bb11865/US20210204140A1-20210701-D00000.png
US-2021373951-A1,Systems and methods for composable coherent devices ,"Samsung Electronics Co., Ltd.","Krishna T. MALLADI, Andrew Chang, Ehsan Najafabadi, Yasser A. Zaghloul",,2020-12-28,2021-12-02,,https://patents.google.com/patent/US20210373951A1/en,https://patentimages.storage.googleapis.com/36/4c/e3/bbe9a87d8b4c33/US20210373951A1-20211202-D00000.png
US-2021117244-A1,Resource manager access control ,Intel Corporation,"Andrew J. Herdrich, Priya AUTEE, Rajesh M. Sankaran, Gilbert Neiger, Scott Oehrlein, Michael Prinke, Ravi Iyer, Edwin Verplanke",2020-12-26,2020-12-26,2021-04-22,,https://patents.google.com/patent/US20210117244A1/en,https://patentimages.storage.googleapis.com/8b/34/09/a7e22fcc2b18b9/US20210117244A1-20210422-D00000.png
US-2021258265-A1,Resource management for components of a virtualized execution environment ,Intel Corporation,"Francesc Guim Bernat, Karthik Kumar",2020-12-26,2021-02-05,2021-08-19,,https://patents.google.com/patent/US20210258265A1/en,https://patentimages.storage.googleapis.com/1b/34/3d/8a748237a1224e/US20210258265A1-20210819-D00000.png
US-2021382720-A1,Hierarchical thread scheduling ,Intel Corporation,"Sabareesh Ganapathy, Fangwen Fu, Hong Jiang, James Valerio",,2020-12-22,2021-12-09,,https://patents.google.com/patent/US20210382720A1/en,https://patentimages.storage.googleapis.com/4e/95/47/c3357f0a7b65b4/US20210382720A1-20211209-D00000.png
US-2021378903-A1,Real-time feedback-based optimization of an exoskeleton ,"Dephy, Inc.","Luke Mooney, Jean-François DUVAL, Rachel Harris, Jonathan Kaplan",,2020-12-29,2021-12-09,,https://patents.google.com/patent/US20210378903A1/en,https://patentimages.storage.googleapis.com/e6/e5/5e/30388af8d43b3c/US20210378903A1-20211209-D00000.png
US-11093718-B1,Determining conversational structure from speech ,"Rammer Technologies, Inc.","Toshish Arun Jawale, Ansup Babu, Anthony Claudia",2020-12-01,2021-04-30,2021-08-17,2021-08-17,https://patents.google.com/patent/US11093718B1/en,https://patentimages.storage.googleapis.com/ef/18/78/c130a0736f0d0e/US11093718-20210817-D00000.png
US-11197145-B2,Social media content for emergency management ,"Rapidsos, Inc.","Michael John Martin, Nicholas Edward Horelik, Reinhard Ekl, Michelle CAHN, John Paul LAWRENCE",,2020-12-08,2021-12-07,2021-12-07,https://patents.google.com/patent/US11197145B2/en,https://patentimages.storage.googleapis.com/c7/14/e1/f41d92170f42f9/US11197145-20211207-D00000.png
US-11075891-B1,Non-fungible token (NFT) based digital rights management in a decentralized data delivery network ,"Theta Labs, Inc.","Jieyi Long, Mitchell C. Liu",2020-12-02,2021-03-31,2021-07-27,2021-07-27,https://patents.google.com/patent/US11075891B1/en,https://patentimages.storage.googleapis.com/6a/57/3e/4e4daab9234664/US11075891-20210727-D00000.png
US-2021120077-A1,Multi-tenant isolated data regions for collaborative platform architectures ,Intel Corporation,"Francesc Guim Bernat, Karthik Kumar, Alexander Bachmutsky",2020-12-26,2020-12-26,2021-04-22,,https://patents.google.com/patent/US20210120077A1/en,https://patentimages.storage.googleapis.com/5c/ca/34/2e85263dc15b52/US20210120077A1-20210422-D00000.png
US-11075413-B1,Solid-state battery and method of forming same ,WATTRII Inc.,Jangwoo Kim,2020-12-15,2020-12-15,2021-07-27,2021-07-27,https://patents.google.com/patent/US11075413B1/en,https://patentimages.storage.googleapis.com/0a/3e/5e/a0f296a5abff4f/US11075413-20210727-D00000.png
US-10984425-B1,Systems and methods for delivering in-application messages ,"Braze, Inc.",Julian Contreras,2020-12-22,2020-12-22,2021-04-20,2021-04-20,https://patents.google.com/patent/US10984425B1/en,https://patentimages.storage.googleapis.com/b4/f6/94/391be4ac20527e/US10984425-20210420-D00000.png
US-2021149115-A1,Photonic wavelength division multiplexing (wdm) receiver with polarization diversity and/or low reflectance ,"Duanni Huang, Saeed Fathololoumi, Meer Nazmus Sakib, Mohammad Montazeri Najafabadi, Chaoxuan Ma, David Hui, Taehwan Kim, Ling Liao, Hao Li, Ganesh Balamurugan, Haisheng Rong, Aliasghar Eftekhar","Duanni Huang, Saeed Fathololoumi, Meer Nazmus Sakib, Mohammad Montazeri Najafabadi, Chaoxuan Ma, David Hui, Taehwan Kim, Ling Liao, Hao Li, Ganesh Balamurugan, Haisheng Rong, Aliasghar Eftekhar",2020-12-23,2020-12-23,2021-05-20,,https://patents.google.com/patent/US20210149115A1/en,https://patentimages.storage.googleapis.com/87/15/52/e932a543032468/US20210149115A1-20210520-D00000.png
US-11079249-B1,Haptic navigation device ,International Business Machines Corporation,"Malgorzata Jadwiga Zimon, James McDonagh, Breanndan O'Conchuir, Robert Sawko",2020-12-14,2020-12-14,2021-08-03,2021-08-03,https://patents.google.com/patent/US11079249B1/en,https://patentimages.storage.googleapis.com/40/17/24/9c0c85e34e4f8d/US11079249-20210803-D00000.png
US-11163105-B1,System for optical sensing ,Palo Alto Research Center Incorporated,"Kyle Arakaki, Peter Kiesel, Ajay Raghavan",2020-12-28,2020-12-28,2021-11-02,2021-11-02,https://patents.google.com/patent/US11163105B1/en,https://patentimages.storage.googleapis.com/2a/f2/eb/19727978202cb5/US11163105-20211102-D00000.png
US-11138690-B1,Multi-image brick mosaic and systems and methods for production thereof ,Photobrick Pty. Ltd.,"Amir Malka, Eyal Israel",2020-12-08,2020-12-08,2021-10-05,2021-10-05,https://patents.google.com/patent/US11138690B1/en,https://patentimages.storage.googleapis.com/c3/1b/a0/db6c12df242189/US11138690-20211005-D00000.png
US-2021197911-A1,Bicycle Rest - Impotence Prevention ,Robert Earl Cheatham,Robert Earl Cheatham,2020-12-28,2020-12-28,2021-07-01,,https://patents.google.com/patent/US20210197911A1/en,https://patentimages.storage.googleapis.com/2d/3a/bf/9e2138ab74f26e/US20210197911A1-20210701-D00000.png
US-11049610-B1,System and method for decedent management tracking ,"Management Health Solutions, Inc.","Kishore Bala, Steven Herz, Justin BAYS",2020-12-01,2020-12-01,2021-06-29,2021-06-29,https://patents.google.com/patent/US11049610B1/en,https://patentimages.storage.googleapis.com/45/a6/09/d5ca21294b9ece/US11049610-20210629-D00000.png
US-10983200-B1,Techniques for on-chip polarization management ,"Aeva, Inc.","Bing Shen, Kevin MASUDA, Brett E. Huff, Pradeep Srinivasan",2020-12-21,2020-12-21,2021-04-20,2021-04-20,https://patents.google.com/patent/US10983200B1/en,https://patentimages.storage.googleapis.com/2d/c4/f6/f4b9d2e22c3266/US10983200-20210420-D00000.png
US-2021319366-A1,"Method, apparatus and device for generating model and storage medium ","Beijing Baidu Netcom Science And Technology Co., Ltd.",Haocheng Liu,2020-12-22,2021-06-24,2021-10-14,,https://patents.google.com/patent/US20210319366A1/en,https://patentimages.storage.googleapis.com/64/07/91/32fc9c03ed3dbc/US20210319366A1-20211014-D00000.png
US-11151681-B1,Digitized mail control system ,Charles Isgar,Charles Isgar,2020-12-24,2020-12-24,2021-10-19,2021-10-19,https://patents.google.com/patent/US11151681B1/en,https://patentimages.storage.googleapis.com/43/5f/f1/1294e64d646506/US11151681-20211019-D00000.png
US-2021312174-A1,"Method and apparatus for processing image, device and storage medium ","Beijing Baidu Netcom Science And Technology Co., Ltd.","Chengquan Zhang, Mengyi En, Ju HUANG, Qunyi XIE, Xiameng QIN, Kun Yao, Junyu Han, Jingtuo Liu, Errui DING",2020-12-22,2021-06-21,2021-10-07,,https://patents.google.com/patent/US20210312174A1/en,https://patentimages.storage.googleapis.com/7d/71/4c/c6176594375d48/US20210312174A1-20211007-D00000.png
US-11171964-B1,Authentication using device and user identity ,"Citrix Systems, Inc.","Feng Huang, Ricardo Fernando Feijoo, Tom Kludy, John Gavin Ashman",2020-12-23,2020-12-23,2021-11-09,2021-11-09,https://patents.google.com/patent/US11171964B1/en,https://patentimages.storage.googleapis.com/38/4a/59/197ebf22317c36/US11171964-20211109-D00000.png
US-2021303864-A1,"Method and apparatus for processing video, electronic device, medium and product ","Beijing Baidu Netcom Science And Technology Co., Ltd.","Xiangming Zhao, Fei Li, Ting YUN, Guoqing Chen, Saiqun LIN, Lin Wang",2020-12-17,2021-06-14,2021-09-30,,https://patents.google.com/patent/US20210303864A1/en,https://patentimages.storage.googleapis.com/84/35/65/c079fbe4a2c7dc/US20210303864A1-20210930-D00000.png
US-2021316745-A1,"Vehicle-based voice processing method, voice processor, and vehicle-mounted processor ","Apollo Intelligent Connectivity (Beijing) Technology Co., Ltd.",Shengyong Zuo,2020-12-15,2021-06-23,2021-10-14,,https://patents.google.com/patent/US20210316745A1/en,https://patentimages.storage.googleapis.com/13/e8/1c/2d030fb0af19f0/US20210316745A1-20211014-D00000.png
US-2021089326-A1,Dynamic bios policy for hybrid graphics platforms ,Intel Corporation,"Subrata Banik, Rajaram REGUPATHY, Kalyan Kondapally",2020-12-04,2020-12-04,2021-03-25,,https://patents.google.com/patent/US20210089326A1/en,https://patentimages.storage.googleapis.com/fc/d4/e2/17d6e98dc9c1f6/US20210089326A1-20210325-D00000.png
US-2021272306-A1,Method for training image depth estimation model and method for processing image depth information ,"Beijing Baidu Netcom Science Technology Co., Ltd.","Minyue JIANG, Xipeng Yang, Xiao TAN, Hao Sun",2020-12-23,2021-05-19,2021-09-02,,https://patents.google.com/patent/US20210272306A1/en,https://patentimages.storage.googleapis.com/b3/c8/7f/64f6c6d94c4b22/US20210272306A1-20210902-D00000.png
US-2021342400-A1,Information search method and apparatus ,"Baidu Online Network Technology (Beijing) Co., Ltd.","Jiannan CAO, Bin Cao",2020-12-15,2021-07-12,2021-11-04,,https://patents.google.com/patent/US20210342400A1/en,https://patentimages.storage.googleapis.com/d8/f9/1c/a0b61bc0a95c1a/US20210342400A1-20211104-D00000.png
US-2021341646-A1,"Weather parameter prediction model training method, weather parameter prediction method, electronic device and storage medium ","Beijing Baidu Netcom Science And Technology Co., Ltd.","Hao Liu, Jindong Han, Hengshu Zhu, Dejing Dou",2020-12-23,2021-07-12,2021-11-04,,https://patents.google.com/patent/US20210341646A1/en,https://patentimages.storage.googleapis.com/83/a3/84/d917ac91ba5964/US20210341646A1-20211104-D00000.png
US-2021303608-A1,"Keyword generating method, apparatus, device and storage medium ","Beijing Baidu Netcom Science Technology Co., Ltd.","Kaichun Yao, Chuan Qin, Hengshu Zhu, Chao Ma, Jingshuai Zhang",2020-12-18,2021-06-14,2021-09-30,,https://patents.google.com/patent/US20210303608A1/en,https://patentimages.storage.googleapis.com/ed/18/43/42cba4b98b6063/US20210303608A1-20210930-D00000.png
US-2021334540-A1,Vehicle loss assessment ,"Beijing Baidu Netcom Science And Technology Co., Ltd.","Yanlong Zhang, Mian Peng, Zuncheng Yang, Junyu Han, Jingtuo Liu",2020-12-25,2021-07-08,2021-10-28,,https://patents.google.com/patent/US20210334540A1/en,https://patentimages.storage.googleapis.com/ed/e7/f4/cb00feea5dfa7b/US20210334540A1-20211028-D00000.png
US-2021334980-A1,"Method and apparatus for determining location of signal light, storage medium, program and roadside device ","Apollo Intelligent Connectivity (Beijing) Technology Co., Ltd.","Bo Liu, Leping Huang",2020-12-28,2021-07-02,2021-10-28,,https://patents.google.com/patent/US20210334980A1/en,https://patentimages.storage.googleapis.com/60/49/b3/2b7492d45ce5e3/US20210334980A1-20211028-D00000.png
US-2021335133-A1,"Vehicle dispatching method, electronic device and storage medium ","Apollo Intelligent Connectivity (Beijing) Technology Co., Ltd.","Yawei Wang, Yu Lei",2020-12-15,2021-07-02,2021-10-28,,https://patents.google.com/patent/US20210335133A1/en,https://patentimages.storage.googleapis.com/7c/3e/73/b9de0115f7b9c3/US20210335133A1-20211028-D00000.png
US-2021331696-A1,"Information processing method, electronic device, and storage medium ","Beijing Baidu Netcom Science And Technology Co., Ltd.","Houqiang ZHU, Jia SONG, Pengfei WEI, Bo ZHAN",2020-12-24,2021-07-02,2021-10-28,,https://patents.google.com/patent/US20210331696A1/en,https://patentimages.storage.googleapis.com/0c/4d/6a/4ccb8392398690/US20210331696A1-20211028-D00000.png
US-2021326730-A1,"Method for information completion, electronic device and storage medium ","Beijing Baidu Netcom Science And Technology Co., Ltd.","Yaqing Wang, Dejing Dou",2020-12-25,2021-06-30,2021-10-21,,https://patents.google.com/patent/US20210326730A1/en,https://patentimages.storage.googleapis.com/ad/c2/1d/44acdddf493f68/US20210326730A1-20211021-D00000.png
US-2021327451-A1,"Method for debugging noise elimination algorithm, apparatus and electronic device ","Apollo Intelligent Connectivity (Beijing) Technology Co., Ltd.",Tengfei Zhang,2020-12-15,2021-06-29,2021-10-21,,https://patents.google.com/patent/US20210327451A1/en,https://patentimages.storage.googleapis.com/be/7e/f9/904cb0f5bd7568/US20210327451A1-20211021-D00000.png
US-2021327427-A1,"Method and apparatus for testing response speed of on-board equipment, device and storage medium ","Apollo Intelligent Connectivity (Beijing) Technology Co., Ltd.","Zhenzhen Liu, Shuqing SONG",2020-12-22,2021-06-28,2021-10-21,,https://patents.google.com/patent/US20210327427A1/en,https://patentimages.storage.googleapis.com/29/10/1a/5edfb89f4b704d/US20210327427A1-20211021-D00000.png
US-2021320978-A1,"Information processing method, apparatus, device, and readable storage medium ","Apollo Intelligent Connectivity (Beijing) Technology Co., Ltd.",Daqing Li,2020-12-10,2021-06-25,2021-10-14,,https://patents.google.com/patent/US20210320978A1/en,https://patentimages.storage.googleapis.com/a6/28/f7/72116b53ab266b/US20210320978A1-20211014-D00000.png
US-2021342524-A1,"Method and apparatus for error correction of numerical contents in text, and storage medium ","Beijing Baidu Netcom Science And Technology Co., Ltd.","Chenhui Li, Teng Hu, Yongfeng Chen",2020-12-25,2021-07-14,2021-11-04,,https://patents.google.com/patent/US20210342524A1/en,https://patentimages.storage.googleapis.com/be/3d/f9/d1b625a7e1e323/US20210342524A1-20211104-D00000.png
US-2021319241-A1,"Method, apparatus, device and storage medium for processing image ","Beijing Baidu Netcom Science And Technology Co., Ltd.","Pengyuan LYU, Chengquan Zhang",2020-12-18,2021-06-22,2021-10-14,,https://patents.google.com/patent/US20210319241A1/en,https://patentimages.storage.googleapis.com/1b/f1/b1/dc22634278ca3f/US20210319241A1-20211014-D00000.png
US-2021312264-A1,Method and apparatus for model distillation ,"Beijing Baidu Netcom Science And Technology Co., Ltd.","Fukui YANG, Shengzhao WEN, Junyu Han",2020-12-15,2021-06-22,2021-10-07,,https://patents.google.com/patent/US20210312264A1/en,https://patentimages.storage.googleapis.com/1c/bf/09/ae35bbb79ce6a2/US20210312264A1-20211007-D00000.png
US-2021312139-A1,"Method and apparatus of generating semantic feature, method and apparatus of training model, electronic device, and storage medium ","Beijing Baidu Netcom Science Technology Co., Ltd.","Shuohuan WANG, Siyu DING, Junyuan SHANG, Yu Sun",2020-12-25,2021-06-22,2021-10-07,,https://patents.google.com/patent/US20210312139A1/en,https://patentimages.storage.googleapis.com/40/9c/14/9aea74ab23cf42/US20210312139A1-20211007-D00000.png
US-2021312173-A1,"Method, apparatus and device for recognizing bill and storage medium ","Beijing Baidu Netcom Science And Technology Co., Ltd.","Ju HUANG, Qunyi XIE, Yulin Li, Xiameng QIN, Kun Yao, Junyu Han",2020-12-18,2021-06-21,2021-10-07,,https://patents.google.com/patent/US20210312173A1/en,https://patentimages.storage.googleapis.com/9e/7c/0f/3ddc9266acc675/US20210312173A1-20211007-D00000.png
US-2021311492-A1,Method and apparatus for outputting signal light information ,"Baidu International Technology (Shenzhen) Co., Ltd.",Qing Huang,2020-12-03,2021-06-21,2021-10-07,,https://patents.google.com/patent/US20210311492A1/en,https://patentimages.storage.googleapis.com/b6/99/32/b2debbe0c5b3af/US20210311492A1-20211007-D00000.png
US-2021337205-A1,Method and apparatus for adjusting quantization parameter for adaptive quantization ,"Beijing Baidu Netcom Science And Technology Co., Ltd.","Ke Lin, Wenpeng Ding",2020-12-28,2021-06-21,2021-10-28,,https://patents.google.com/patent/US20210337205A1/en,https://patentimages.storage.googleapis.com/97/fa/55/8144fd1555cb11/US20210337205A1-20211028-D00000.png
US-2021312665-A1,"Image projection method, apparatus, device and storage medium ","Apollo Intelligent Connectivity (Beijing) Technology Co., Ltd.","Sunan Deng, Yinghui Li",2020-12-24,2021-06-21,2021-10-07,,https://patents.google.com/patent/US20210312665A1/en,https://patentimages.storage.googleapis.com/82/60/17/3eb4b4a2999158/US20210312665A1-20211007-D00000.png
US-2021312195-A1,"Lane marking detecting method, apparatus, electronic device, storage medium, and vehicle ","Apollo Intelligent Connectivity (Beijing) Technology Co., Ltd.",Gang He,2020-12-16,2021-06-21,2021-10-07,,https://patents.google.com/patent/US20210312195A1/en,https://patentimages.storage.googleapis.com/13/e3/ba/7ae4607746dda7/US20210312195A1-20211007-D00000.png
US-2021089411-A1,Restoring persistent application data from non-volatile memory after a system crash or system reboot ,Intel Corporation,"Aravinda Prasad, Sreenivas Subramoney",2020-12-04,2020-12-04,2021-03-25,,https://patents.google.com/patent/US20210089411A1/en,https://patentimages.storage.googleapis.com/01/70/cf/ee7181dc473d5d/US20210089411A1-20210325-D00000.png
US-2021344556-A1,"Method and apparatus for updating an edge node, device, medium and program product ","Beijing Baidu Netcom Science And Technology Co., Ltd.","Xin Zhao, Dayu Shen, Jingru XIE, Sheng Chen",2020-12-21,2021-07-15,2021-11-04,,https://patents.google.com/patent/US20210344556A1/en,https://patentimages.storage.googleapis.com/12/b3/4c/e16648e084f60d/US20210344556A1-20211104-D00000.png
US-2021295088-A1,"Image detection method, device, storage medium and computer program product ","Beijing Baidu Netcom Science & Technology Co., Ltd","Xiangbo Su, Jian Wang",2020-12-11,2021-06-09,2021-09-23,,https://patents.google.com/patent/US20210295088A1/en,https://patentimages.storage.googleapis.com/3f/fe/4a/26dd919054eeed/US20210295088A1-20210923-D00000.png
US-2021295613-A1,"Testing method for automated driving system, electronic device and storage medium ","Beijing Baidu Netcom Science And Technology Co., Ltd.",Xi FENG,2020-12-17,2021-06-08,2021-09-23,,https://patents.google.com/patent/US20210295613A1/en,https://patentimages.storage.googleapis.com/6d/7f/fc/7b8930a352e592/US20210295613A1-20210923-D00000.png
US-2021291843-A1,"Method and apparatus for acquiring sample deviation data, and electronic device ","Beijing Baidu Netcom Science Technology Co., Ltd.","Houqiang ZHU, Pengfei WEI, Jia SONG, Jianxin Jiang, Songtao CHANG",2020-12-23,2021-06-04,2021-09-23,,https://patents.google.com/patent/US20210291843A1/en,https://patentimages.storage.googleapis.com/a1/89/52/f42c3bdc537636/US20210291843A1-20210923-D00000.png
US-2021284181-A1,"Abnormal data collecting method, apparatus, storage medium and product for automatic parking ","Beijing Baidu Netcom Science Technology Co., Ltd.","Jia SONG, Houqiang ZHU, Pengfei WEI, Guiguan BI",2020-12-18,2021-06-03,2021-09-16,,https://patents.google.com/patent/US20210284181A1/en,https://patentimages.storage.googleapis.com/00/b3/2a/d8fc1972db56f1/US20210284181A1-20210916-D00000.png
US-2021286934-A1,Implementing text generation ,"Beijing Baidu Netcom Science And Technology Co., Ltd.","Jiachen LIU, Zhe Hu, Xinyan Xiao, Hua Wu",2020-12-22,2021-05-26,2021-09-16,,https://patents.google.com/patent/US20210286934A1/en,https://patentimages.storage.googleapis.com/82/b0/b9/c564ca821457ec/US20210286934A1-20210916-D00000.png
US-2021342379-A1,"Method and device for processing sentence, and storage medium ","Being Baidu Netcom Science And Technology Co., Ltd.","Shuai Zhang, Lijie Wang, Ao Zhang, Xinyan Xiao, Yue Chang",2020-12-25,2021-07-14,2021-11-04,,https://patents.google.com/patent/US20210342379A1/en,https://patentimages.storage.googleapis.com/89/41/56/2c9664856cb051/US20210342379A1-20211104-D00000.png
US-2021248309-A1,"Method and apparatus for text error correction, electronic device and storage medium ","Beijing Baidu Netcom Science And Technology Co., Ltd.","Ruiqing ZHANG, Chuanqiang ZHANG, Zhongjun He, Zhi Li, Hua Wu",2020-12-11,2021-04-28,2021-08-12,,https://patents.google.com/patent/US20210248309A1/en,https://patentimages.storage.googleapis.com/4b/9d/e7/1a8ecac834e55c/US20210248309A1-20210812-D00000.png
US-2021248498-A1,"Method and apparatus for training pre-trained knowledge model, and electronic device ","Beijing Baidu Netcom Science And Technology Co., Ltd.","Chao PANG, Shuohuan WANG, Yu Sun, Zhi Li",2020-12-21,2021-04-27,2021-08-12,,https://patents.google.com/patent/US20210248498A1/en,https://patentimages.storage.googleapis.com/00/f1/a3/d84c61b02e3a2b/US20210248498A1-20210812-D00000.png
US-2021304426-A1,Writing/drawing-to-digital asset extractor ,Intel Corporation,David I. Gonzalez-Aguirre,2020-12-23,2020-12-23,2021-09-30,,https://patents.google.com/patent/US20210304426A1/en,https://patentimages.storage.googleapis.com/7d/0c/6c/9f7261f49526d9/US20210304426A1-20210930-D00000.png
US-2021117197-A1,Multi-buffered register files with shared access circuits ,Intel Corporation,"Steven Hsu, Amit Agarwal, Debabrata Mohapatra, Arnab Raha, Moongon Jung, Gautham Chinya, Ram Krishnamurthy",2020-12-23,2020-12-23,2021-04-22,,https://patents.google.com/patent/US20210117197A1/en,https://patentimages.storage.googleapis.com/cd/45/a0/5b83c0c37d5f07/US20210117197A1-20210422-D00000.png
US-2021141665-A1,Application aware graceful over current protection for multi-socket platforms ,Intel Corporation,"Rajesh Poornachandran, Rajendrakumar Chinnaiyan, Vincent Zimmer, Ravikiran Chukka",2020-12-15,2020-12-15,2021-05-13,,https://patents.google.com/patent/US20210141665A1/en,https://patentimages.storage.googleapis.com/6f/9a/fa/cd819458a3c76e/US20210141665A1-20210513-D00000.png
US-2021090328-A1,Tile-based sparsity aware dataflow optimization for sparse data ,Intel Corporation,"Prashant Laddha, Anirud Thyagharajan, Om Ji Omer, Sreenivas Subramoney",2020-12-07,2020-12-07,2021-03-25,,https://patents.google.com/patent/US20210090328A1/en,https://patentimages.storage.googleapis.com/f0/13/01/c235ece8a020e6/US20210090328A1-20210325-D00000.png
US-2021342538-A1,Processing word segmentation ambiguity ,"Beijing Baidu Netcom Science And Technology Co., Ltd.",YanYan Li,2020-12-25,2021-07-12,2021-11-04,,https://patents.google.com/patent/US20210342538A1/en,https://patentimages.storage.googleapis.com/ab/08/c0/39a2ee85fbd043/US20210342538A1-20211104-D00000.png
US-2021312288-A1,"Method for training classification model, classification method, apparatus and device ","Beijing Baidu Netcom Science Technology Co., Ltd.","Yaqing Wang, Dejing Dou",2020-12-28,2021-06-16,2021-10-07,,https://patents.google.com/patent/US20210312288A1/en,https://patentimages.storage.googleapis.com/23/37/bf/1d2bdee9ebbae8/US20210312288A1-20211007-D00000.png
US-11105296-B1,Hot air engine system ,Daniel L. Fountain,Daniel L. Fountain,2020-12-23,2020-12-23,2021-08-31,2021-08-31,https://patents.google.com/patent/US11105296B1/en,https://patentimages.storage.googleapis.com/00/b4/a1/017c6f63296133/US11105296-20210831-D00000.png
US-11047173-B1,Ladder safety apparatus ,Phil Giordano,Phil Giordano,2020-12-01,2021-01-20,2021-06-29,2021-06-29,https://patents.google.com/patent/US11047173B1/en,https://patentimages.storage.googleapis.com/35/01/6c/98aeb148966f87/US11047173-20210629-D00000.png
US-2021087875-A1,Security Screen Mounting System And Method Therefor ,"Don Roberts, James Wilford Roberts","Don Roberts, James Wilford Roberts",2020-12-08,2020-12-08,2021-03-25,,https://patents.google.com/patent/US20210087875A1/en,https://patentimages.storage.googleapis.com/bb/96/b2/e149a7eebb6a82/US20210087875A1-20210325-D00000.png
US-2021270336-A1,Rigid Friction Brake Tether ,"Sherrill, Inc.",Cornelius McDaid,2020-12-09,2021-05-17,2021-09-02,,https://patents.google.com/patent/US20210270336A1/en,https://patentimages.storage.googleapis.com/60/ae/4b/e81fd492c141ec/US20210270336A1-20210902-D00000.png
US-2021326762-A1,"Apparatus and method for distributed model training, device, and computer readable storage medium ","Beijing Baidu Netcom Science And Technology Co., Ltd.","Zhihua Wu, Dianhai YU, Xuefeng Yao, Wei Tang, Xinxuan Wu, Mo Cheng, Lin Ma, Yanjun Ma, Tian Wu, Haifeng Wang",2020-12-18,2021-06-17,2021-10-21,,https://patents.google.com/patent/US20210326762A1/en,https://patentimages.storage.googleapis.com/fd/37/92/92b6ce36aa08f1/US20210326762A1-20211021-D00000.png
US-2021342722-A1,"Air quality prediction model training method, air quality prediction method, electronic device and storage medium ","Beijing Baidu Netcom Science And Technology Co., Ltd.","Jindong Han, Hao Liu",2020-12-23,2021-07-15,2021-11-04,,https://patents.google.com/patent/US20210342722A1/en,https://patentimages.storage.googleapis.com/78/47/aa/cebe0d2a9fd972/US20210342722A1-20211104-D00000.png
US-2021311845-A1,"Method and apparatus of monitoring interface performance of distributed application, device and storage medium ","Beijing Baidu Netcom Science Technology Co., Ltd.","Tao Liu, Jiajie JING, Qiyuan LI",2020-12-24,2021-06-21,2021-10-07,,https://patents.google.com/patent/US20210311845A1/en,https://patentimages.storage.googleapis.com/bd/b1/2d/58cad1264b7cc9/US20210311845A1-20211007-D00000.png
US-2021326514-A1,"Method for generating interpretation text, electronic device and storage medium ","Beijing Baidu Netcom Science And Technology Co., Ltd.","YanYan Li, Airong JIANG, Dejing Dou",2020-12-24,2021-07-01,2021-10-21,,https://patents.google.com/patent/US20210326514A1/en,https://patentimages.storage.googleapis.com/c0/51/ae/8d6fff19621dc5/US20210326514A1-20211021-D00000.png
US-2021315034-A1,"Wireless connection establishment method, apparatus, device, and storage medium ","Apollo Intelligent Connectivity (Beijing) Technology Co., Ltd.","Qing Wang, Nengjun Ouyang, Xinxue Lei",2020-12-15,2021-06-21,2021-10-07,,https://patents.google.com/patent/US20210315034A1/en,https://patentimages.storage.googleapis.com/61/1b/86/058de3694d742a/US20210315034A1-20211007-D00000.png
US-2021306269-A1,Method and apparatus for adjusting network flow ,"Baidu Online Network Technology (Beijing) Co., Ltd.","Anzhan ZHANG, Jingying QU",2020-12-15,2021-06-11,2021-09-30,,https://patents.google.com/patent/US20210306269A1/en,https://patentimages.storage.googleapis.com/cb/24/10/8265aee962f8ea/US20210306269A1-20210930-D00000.png
US-2021295013-A1,"Three-dimensional object detecting method, apparatus, device, and storage medium ","Beijing Baidu Netcom Science Technology Co., Ltd.","Xiaoqing Ye, Xiao TAN, Hao Sun",2020-12-18,2021-06-07,2021-09-23,,https://patents.google.com/patent/US20210295013A1/en,https://patentimages.storage.googleapis.com/c9/2f/cc/f593c243ff39f3/US20210295013A1-20210923-D00000.png
US-2021323575-A1,Data acquisition method and apparatus ,"Beijing Baidu Netcom Science Technology Co., Ltd.","Pengfei WEI, Houqiang ZHU, Jia SONG, Jingyuan Wang, Guiqing HAO",2020-12-18,2021-05-26,2021-10-21,,https://patents.google.com/patent/US20210323575A1/en,https://patentimages.storage.googleapis.com/43/59/d3/d2635ec2966e1b/US20210323575A1-20211021-D00000.png
